position_name,job_keywords
采购/贸易-采购-买手,"采购策略,时尚趋势,供应商关系,产品采购,库存管理"
生产制造-技工/普工-折弯工,"生产制造,手工技艺,折弯加工,设备操作,质量控制"
医疗健康-其他医疗健康职位-医学编辑,"医学专业知识,编辑审校能力,医学出版,学术沟通,内容创作"
人力/财务/行政-财务-审计,"审计流程,财务分析,风险评估,合规检查,报告编制"
供应链/物流-物流-供应链经理,"供应链管理,采购流程,成本控制,供应商管理,团队领导"
生产制造-技工/普工-注塑工,"注塑操作,设备调试,工艺优化,质量控制,生产管理"
技术-测试-功能测试,"功能测试,软件测试,硬件测试,质量控制,产品测试"
销售-服务业销售-旅游顾问,"销售技巧,客户服务,旅游产品知识,市场推广,定制旅行方案"
人力/财务/行政-行政-行政专员/助理,"行政管理,人事招聘,文档整理,沟通协调,办公用品采购"
设计-视觉/交互设计-广告设计,"广告设计,平面设计,CDR/PS软件操作,创意设计,营销宣传"
服务业-运动健身-救生员,"救生技能,健身指导,安全监控,应急处理,游泳池管理"
传媒-影视媒体-经纪人/星探,"艺人招募,直播运营,达人管理,商业谈判,平台策略"
服务业-餐饮-后厨,"炸串制作,食材切配,餐具洗涤,菜品出品质量,后厨日常运营"
生产制造-服装/纺织/皮革-面料辅料开发,面料采购成本控制
生产制造-生产营运-生产总监,"生产管理,质量控制,供应链管理,生产流程优化,团队领导"
设计-视觉/交互设计-3D设计师,"3D建模,视觉审美,创意设计,团队合作,项目管理"
医疗健康-医生/医技-内科医生,"内科医生,病历管理,诊断治疗,医疗咨询,病人沟通"
采购/贸易-进出口贸易-单证员,"进出口单证,贸易流程,文件审核,数据准确,客户沟通"
医疗健康-健康整形-康复治疗师,"康复治疗,言语康复,运动康复,行为分析,中医理疗"
传媒-采编/写作/出版-记者/采编,"新闻采集,内容创作,报道撰写,版面编排,采访技巧"
设计-视觉/交互设计-设计师助理,"室内设计,平面资料整合,施工图制作,客户沟通,软件操作"
咨询/翻译/法律-咨询/调研-猎头顾问,"猎头服务,客户关系管理,岗位需求分析,人才搜寻,背景调查"
技术-运维/技术支持-网络工程师,"网络维护,故障排除,网络安全,系统升级,支持服务"
金融-证券/基金/期货-量化研究员,"量化研究,策略开发,数据分析,模型优化,市场研究"
销售-外贸销售-外贸业务员,"销售谈判,外贸知识,客户关系,市场开发,英语沟通"
技术-电子/半导体-电气工程师,"电子技术,电路设计,半导体知识,电气分析,工程项目管理"
生产制造-机械设计/制造-机械结构工程师,"机械设计,结构创新,产品开发,技术支持,结构优化"
供应链/物流-交通/运输-配送员,"配送服务,商品配送,送餐服务,骑手管理,货物安全"
运营-运营-运营助理/专员,"运营专员,活动策划,数据分析,电商平台运营,客户服务"
咨询/翻译/法律-咨询/调研-知识产权/专利/商标代理人,"专利撰写,知识产权申请,客户服务,专利检索分析,技术沟通"
服务业-安保/家政/维修-保洁经理,"保洁管理,人员培训,客户沟通,卫生监督"
传媒-影视媒体-制片人,"创意开发,项目管理,影视制作,团队协调,剧本评估"
运营-编辑-文案编辑,"运营策划,文案撰写,新媒体运营,广告创意,内容编辑"
生产制造-技工/普工-空调工,"空调安装,维修技能,中央空调,设备保养,运行操作"
设计-用户研究-用户研究员,"用户研究,设计思维,需求分析,用户调研,人机交互"
运营-运营-商家运营,"商家运营,数据分析,市场策略,用户体验,品牌管理"
产品-产品经理-游戏策划,"游戏策划,系统设计,玩法优化,团队协调,数值平衡"
产品-产品经理-产品助理,"产品设计,市场调研,用户需求,项目协调,竞品分析"
技术-销售技术支持-售前技术支持,"售前沟通,技术咨询,产品演示,客户支持,销售辅助"
生产制造-技工/普工-样衣工,"样衣制作,工艺质量控制,版型设计,缝制技能,四季女装"
技术-人工智能-数据挖掘,"数据挖掘,大数据分析,机器学习,模型优化,风控策略"
教育培训-特长培训-古筝教师,"教育培训,古筝演奏,教学方法,音乐理解,学生互动"
技术-人工智能-算法研究员,"深度学习,算法研究,人工智能,大数据分析,模型优化"
销售-课程销售-留学顾问,"留学咨询,课程销售,市场分析,客户服务,学术规划"
服务业-餐饮-配菜打荷,"配菜准备,厨房协作,食材处理,效率高,卫生标准"
服务业-宠物服务-宠物美容,"宠物美容,客户服务,店内清洁,宠物护理,销售产品"
服务业-餐饮-日料厨师,"烹饪技巧,日式料理,食材处理,菜品创新,顾客服务"
技术-高端技术职位-技术经理,"技术研发管理,团队领导与协调,产品研发设计,系统开发与维护,项目管理与规划"
房地产/建筑-建筑/规划设计-建筑设计师,"建筑设计,方案优化,施工图绘制,项目管理,客户沟通"
运营-运营-活动运营,"运营策划,活动执行,数据分析,用户互动,项目管理"
教育培训-教师-文科教师,"文科教学,个性化教学,课程研发,教学评估,教研活动"
技术-硬件开发-FPGA开发,"FPGA开发,算法仿真,图像处理,硬件调试,通信接口设计"
技术-硬件开发-光学工程师,"光学设计,视觉检测,半导体激光器,光学系统调试,成像与照明系统仿真"
生产制造-机械设计/制造-焊接工程师,"焊接技术,激光加工,工艺研发,新产品焊接,焊接流程优化。"
技术-通信-通信技术工程师,"通信技术,网络设备,信号处理,系统维护,产品开发"
技术-销售技术支持-售后技术支持,"售后技术支持,客户沟通管理,产品维修更换,设备安装调试,技术指导培训"
技术-后端开发-GIS工程师,"GIS开发,三维地图制作,Web前端,数据处理分析,软件架构设计"
销售-外贸销售-外贸经理,"外贸销售,客户维护,市场分析,团队管理,销售策略"
传媒-影视媒体-艺人助理,"艺人日常事务管理,视频剪辑制作,直播协助运营,客户与艺人沟通协调,活动及节目录制支持"
供应链/物流-物流-配送站长,配送站运营指标
服务业-餐饮-餐饮学徒,"餐饮材料准备,基础烹饪任务,后厨操作,服务员接待,技能学习与实践"
服务业-婚礼/花艺-婚礼策划,"婚礼策划,客户沟通,现场协调,方案设计,活动统筹"
服务业-餐饮-西餐厨师,"西餐烹饪,菜品制作,食材处理,质量控制,厨房管理"
咨询/翻译/法律-翻译-日语翻译,咨询/翻译/法律-翻译-日语翻译
咨询/翻译/法律-翻译-英语翻译,"英语翻译,客户沟通,项目协调,文化交流,文案创作"
技术-前端/移动开发-U3D,"前端开发,Unity3D,移动平台,UI设计,性能优化"
金融-投融资-投资助理,"投资分析,市场研究,尽职调查,数据整理,客户关系管理"
教育培训-特长培训-乐高教师,"乐高教学,编程教学,机器人教育,课程研发,学龄儿童教育。"
服务业-零售-督导/巡店,"督导/巡店,销售管理,培训与招聘,客户服务,业绩提升"
服务业-安保/家政/维修-手机维修,"手机维修,硬件检测,软件故障诊断,客户服务,3C产品维修"
医疗健康-护士/护理-护士长,"医疗管理,团队领导,护理质量控制,病患协调,护理培训"
供应链/物流-物流-调度员,调度安排、异常处理、客户沟通、成本管理等多个方面。
技术-人工智能-图像算法,"图像处理,算法设计,机器学习,人工智能应用,计算视觉"
医疗健康-医生/医技-其他医生职位,"医疗服务,临床诊断,病例管理,患者交流,医技操作"
技术-后端开发-C#,"后端开发,C#,编程语言,服务端编程,API接口"
教育培训-教育行政-教务管理,"教务管理,课程协调,教育政策,信息系统运用,师资管理"
设计-游戏设计-游戏角色,"创意设计,角色构建,游戏机制,视觉表现,故事叙述"
金融-银行-银行大堂经理,"客户服务,金融产品推广,业务协调,接待管理,风险控制"
生产制造-机械设计/制造-材料工程师,"材料工程,机械设计,制造工艺,材料选型,性能测试"
服务业-汽车服务-4S店店长/维修站长,"服务流程优化,客户关系管理,团队领导,销售与营销策略,维修技术管理"
人力/财务/行政-人力资源-人力资源总监,人力资源规划
技术-人工智能-机器学习,"人工智能,机器学习,算法开发,数据分析,模型训练"
市场-公关媒介-媒介经理,"媒介关系,公关活动,品牌推广,媒介策略,市场分析"
销售-销售-网络销售,"网络营销,在线销售,客户关系,电商平台,虚拟互动"
医疗健康-药店-药店店长,店员培训、药品质量控制、顾客服务以及营销计划实施。
医疗健康-临床试验-临床医学经理/专员,"临床试验,医学研究,数据分析,项目管理,病人沟通"
采购/贸易-进出口贸易-报关/报检员,"供应链管理,报关流程,单证审核,通关协调,关务合规性"
生产制造-机械设计/制造-工业工程师(IE),"生产效率,工业工程,精益生产,布局规划,流程优化"
生产制造-汽车制造-汽车项目管理,"汽车项目管理,项目质量控制,项目进度跟踪,新产品开发,资源整合"
采购/贸易-采购-采购专员/助理,"采购流程管理,供应商筛选与谈判,价格及合同谈判,库存管理,销售订单处理"
金融-投融资-投资者关系/证券事务代表,"证券信息披露,投资者关系维护,资本运作,募资策略,合规信息管理"
设计-非视觉设计-工业设计,"工业设计,产品建模,CAD软件运用,视觉传达,市场调研"
医疗健康-医生/医技-妇产科医生,"妇科疾病诊断,医疗服务提供,门诊管理,患者沟通,医学检查操作"
设计-视觉/交互设计-插画师,"插画创作,视觉设计,交互体验,创意思维,艺术表现"
农/林/牧/渔-畜牧/渔业-禽畜/水产养殖技术员,"品种改良,养殖技术,水质监控,疫病防治,市场调研"
技术-后端开发-语音/视频/图形开发,"后端开发,语音处理,视频处理,图形设计,编程语言"
医疗健康-医生/医技-全科医生,"全科医疗,疾病诊断,患者治疗,病例管理,紧急情况处理"
教育培训-特长培训-足球教练,"足球训练,团队管理,技能传授,竞赛指导,体能训练"
技术-硬件开发-自动化,"自动化,电气设计,PLC编程,机器人应用,电气维护"
房地产/建筑-建筑/规划设计-给排水工程师,"给排水设计,建筑规划,工程审核,管线施工,水质管理"
生产制造-技工/普工-车工,"车床操作,数控车床编程,设备维护,精密加工,品质控制"
技术-人工智能-自动驾驶系统工程师,"算法开发,系统集成,传感器技术,自动驾驶,机器学习"
销售-销售-电话销售,"电话销售,客户邀约,销售管理,金融贷款销售,客户关系维护"
设计-非视觉设计-展览/展示设计,"设计创意,展览展示,3D建模与渲染,空间布局设计,项目管理与协作"
运营-运营-亚马逊运营,"运营管理,产品上架优化,市场分析,销售推广,客户服务"
人力/财务/行政-人力资源-培训,"培训规划,课程开发,企业文化建设,人力资源管理,需求调研"
运营-运营-数据/策略运营,"运营数据分析,策略制定与执行,跨部门协调,业务优化,数据支持决策"
销售-房地产销售/招商-物业招商管理,"招商管理,客户关系维护,市场调研,商务谈判,物业管理"
运营-运营-跨境电商运营,"跨境电商,运营策略,市场分析,跨文化交流,电商平台管理"
人力/财务/行政-人力资源-人力资源专员/助理,"招聘管理,员工关系,薪酬福利,招聘流程,法规遵循"
服务业-美容保健-美容店长,"美容服务提供,团队管理,业绩目标达成,客户关系维护,日常经营管理"
供应链/物流-仓储-仓库经理,"仓储管理,库存控制,物流配送,团队协调,系统操作"
市场-市场/营销-市场顾问,"市场分析,客户关系维护,销售策略,活动组织,市场拓展"
设计-视觉/交互设计-交互设计师,"游戏交互设计,用户体验优化,交互设计框架,流程设计,游戏产品交互"
金融-投融资-融资,"融资咨询,贷款产品匹配,客户关系管理,融资策略制定,资方资源管理"
设计-非视觉设计-珠宝设计,"珠宝设计,手工技艺,产品开发,流行趋势,市场调研"
生产制造-技工/普工-锅炉工,"锅炉操作,设备维护,水处理,安全监管,日常巡检"
人力/财务/行政-行政-经理助理,"行政管理,客户服务,项目协调,文档管理,业务跟进"
生产制造-机械设计/制造-模具工程师,"模具设计,机械制造,产品开发,制图软件,精密加工"
生产制造-质量安全-质量管理/测试,"质量控制,产品检验,供应商管理,质量体系,制程监控"
服务业-餐饮-厨师长,"生产管理,菜品研发,团队领导,食品安全,厨房运营"
传媒-影视媒体-编剧,编写与创意策划。
技术-硬件开发-驱动开发,"硬件开发,驱动编程,系统集成,性能优化,创新设计"
房地产/建筑-建筑/规划设计-消防工程师,"消防安全管理,设施维护保养,火警响应处理,风险评估与管理,建筑法规遵循"
生产制造-机械设计/制造-机械设备工程师,"机械设计,设备维护,制造工艺,工程创新,故障分析"
教育培训-特长培训-篮球教练,"篮球教学,客户关系维护,课程开发,体能训练,教学指导"
市场-公关媒介-品牌公关,"市场调研,品牌策划,公关传播,新媒体运营,客户关系维护"
市场-市场/营销-商业数据分析,"商业数据分析,市场调研,策略制定,指标监控,数据产品开发"
产品-产品经理-产品经理,"产品规划,需求分析,市场调研,项目管理,迭代优化"
教育培训-教师-助教,"教学辅助,学生管理,课程开发,家长沟通,多科辅导"
人力/财务/行政-法务-法务经理/主管,"法务管理,合同审核,风险控制,合规检查,团队领导"
咨询/翻译/法律-律师-专利律师,"专利法律知识,案件分析处理,法律咨询服务,版权保护策略,合同审查"
服务业-汽车服务-加油员,"加油服务,客户服务,站内卫生,油品加注,设备操作"
技术-前端/移动开发-前端开发工程师,"前端开发,Vue框架,JavaScript,移动端兼容,性能优化"
房地产/建筑-建筑/规划设计-幕墙工程师,"幕墙设计,建筑施工,结构分析,美观性能,安全标准"
医疗健康-生物制药-医疗产品技术支持,"医疗产品技术支持,临床研究咨询,技术问题解答,客户关系管理,技术培训和支持"
设计-游戏设计-系统策划,"系统策划,玩法设计,功能优化,交互设计,跨部门沟通"
服务业-美容保健-美容师,"美容技能,顾客服务,美容产品知识,护理手法,形象设计"
高级管理-高级管理职位-董事会秘书,"董事会秘书,文秘工作,高级管理,公关接待,战略规划
"
房地产/建筑-装饰装修-装修项目经理,"项目管理,装修设计,施工监督,成本控制,沟通协调"
供应链/物流-交通/运输-网约车司机,"网约车驾驶,客户服务,接单运营,订单完成,车辆管理"
服务业-安保/家政/维修-保洁,"清洁卫生,客户服务,日常维护,安全意识,整洁保持"
人力/财务/行政-法务-律师,"法律专业知识,案件处理能力,合同审核,法律顾问,争议解决"
技术-测试-测试开发,自动化测试平台，优化测试流程，提升测试覆盖率，确保产品质量。
服务业-安保/家政/维修-产后康复师,"产后康复指导,身体恢复训练,心理支持,母乳喂养咨询,客户服务"
服务业-餐饮-洗碗工,"清洗餐具,保持卫生,耐劳能力,餐饮服务,快速工作"
运营-客服-电话客服,"客户服务,电话沟通,问题解决,服务流程,效率优化"
销售-服务业销售-化妆品导购,"化妆品销售,顾客服务,产品陈列,店铺管理,销售技巧"
人力/财务/行政-财务-税务,"税务规划,财务分析,税务申报,法规遵从,成本控制"
医疗健康-医生/医技-放射科医生,"放射科医生,影像诊断,设备操作,医学影像,质量控制"
销售-销售管理-销售VP,"战略规划,销售目标,团队领导,业绩评估,业务拓展"
生产制造-技工/普工-组装工,"组装技能,生产效率,质量检验,手动组装,组装设备"
房地产/建筑-建筑/规划设计-土木/土建/结构工程师,"土木工程设计,结构设计管理,施工图纸编制,现场技术管理,技术协调与沟通"
人力/财务/行政-法务-法律顾问,"法律咨询,客户关系维护,合同审查,案件管理,风险控制"
高级管理-高级管理职位-分公司/代表处负责人,"团队领导,战略规划,业务拓展,财务管理,高级决策"
房地产/建筑-工程管理-工程造价,"工程造价,成本控制,工程预算,施工管理,建筑工程"
服务业-美容保健-针灸推拿,"推拿技术,理疗服务,养生保健,顾客沟通,健康管理"
销售-汽车销售-汽车销售,"销售技巧,客户关系管理,市场分析,产品知识,销售策略"
房地产/建筑-物业管理-物业工程主管,"物业工程管理,设施设备维护,工程项目统筹,客户服务协调,节能降耗策略"
房地产/建筑-建筑/规划设计-BIM工程师,"BIM技术,建筑信息模型,设计优化,项目协同,施工模拟"
教育培训-职业培训-拓展培训,"培训设计,课程开发,团队协作,学习激励,行动导向"
市场-市场/营销-信息流优化师,"信息流广告优化,数据分析,营销策略执行,广告素材创意,成本控制"
技术-其他技术职位-其他技术职位,"编程能力,技术研发,项目管理,团队协作,客户沟通"
生产制造-生产营运-厂长,"生产管理,团队领导,生产计划,质量监督,产能优化"
医疗健康-医生/医技-超声科医生,"超声影像,诊断操作,医疗质量控制,客户服务,医学培训"
技术-硬件开发-硬件工程师,"硬件设计,电路调试,技术文档,项目管理,元器件选型"
教育培训-教师-就业老师,"职业规划指导,就业技能培训,学生咨询服务,讲座组织协调,课程开发设计"
服务业-安保/家政/维修-保安经理,"保安管理,秩序维护,团队领导,安全制度,人员培训"
房地产/建筑-物业管理-物业管理员,"物业服务,设施维护,安全管理,客户关系,行政协调"
生产制造-质量安全-质检员,"生产制造,质量检验,安全管理,供应商管理,生产巡检"
人力/财务/行政-人力资源-企业文化,"企业文化建设,文化活动策划,员工关系管理,新闻采编发行,企业形象宣传"
房地产/建筑-工程管理-材料员,"材料管理,供应商协调,采购计划,质量控制,工程项目管理"
咨询/翻译/法律-咨询/调研-人力资源咨询顾问,"人力资源管理,咨询服务,市场调研,法律知识,咨询方案设计"
供应链/物流-交通/运输-代驾司机,"代驾服务,驾驶技能,客户服务,车辆管理,夜间工作"
医疗健康-临床试验-临床协调员,"临床试验,患者管理,数据收集,协调沟通,临床监查"
运营-运营-品类运营,品类销售策略制定。
销售-医疗销售-口腔咨询师,"口腔咨询,客户关系维护,治疗方案沟通,销售推广,顾客预约管理"
医疗健康-医生/医技-外科医生,"外科手术,病历管理,诊断治疗,医患沟通,医疗质量控制"
设计-游戏设计-游戏数值策划,"游戏数值策划,数值模型搭建,SLG游戏设计,经济系统设计,游戏平衡优化"
生产制造-技工/普工-叉车工,"叉车操作,货物搬运,仓库管理,安全标准,维护保养"
市场-会务会展-会展活动执行,"会展活动执行,婚礼场地布置,物料管理,客户服务,舞台搭建"
服务业-餐饮-面包/烘焙师,"烘焙技术,面包制作,食品安全,服务意识,艺术创意"
销售-销售-BD经理,"销售策略,客户关系管理,市场拓展,业务洽谈,销售业绩达成"
技术-测试-测试工程师,"自动化测试,性能测试,功能测试,测试工具开发,测试计划制定"
服务业-安保/家政/维修-保姆,"家政服务,烹饪技能,婴幼儿照料,老年护理,家务管理"
传媒-影视媒体-儿童引导师,"儿童教育,影视制作,表演艺术,内容创意,沟通技巧"
市场-会务会展-会展活动策划,"市场分析,活动策划,客户沟通,资源整合,团队协作"
生产制造-新能源-电池工程师,"新能源,电池工程师,电池工艺优化,动力电池PACK,BMS系统开发"
医疗健康-生物制药-药物合成,"药物合成研究,工艺优化,文献调研,合成路线设计,项目管理"
技术-运维/技术支持-IT技术支持,"IT技术支持,故障排除,系统维护,网络管理,客户沟通"
设计-视觉/交互设计-UI设计师,设计、交互设计、视觉风格设定、设计规范制订、用户体验优化
传媒-影视媒体-影视特效,"特效制作,后期剪辑,三维动画设计,项目管理,视觉设计"
服务业-餐饮-餐饮店长,"客户服务,团队管理,营业额提升,质量监控,餐厅运营"
设计-视觉/交互设计-视觉设计师,"视觉设计,平面设计,电商设计,品牌形象设计,创意策略"
设计-非视觉设计-家具设计,"家具设计,创新思维,空间规划,材料理解,工艺知识"
医疗健康-临床试验-临床监查员,"临床试验监查,质量控制,管理协调,法规遵循,文档审核"
设计-视觉/交互设计-CAD设计/制图,"CAD设计/制图,效果图表现,图纸深化,方案设计,材料工艺对接"
服务业-餐饮-送餐员,"送餐服务,快速配送,客户互动,路线规划,服务态度"
设计-游戏设计-游戏动作,"游戏动作设计,3D动画制作,动作资源管理,动作捕捉技术,Spine动画软件"
传媒-影视媒体-剪辑师,"剪辑技术,视觉创意,故事叙述,后期制作,影视特效"
传媒-影视媒体-中控/场控/助播,"直播中控,产品管理,气氛营造,数据监控,直播销售"
销售-服务业销售-服装导购,"销售技巧,顾客服务,商品管理,销售目标达成,品牌导购"
产品-产品经理-数据产品经理,"数据分析,产品规划,用户研究,技术集成,创新驱动"
金融-中后台-风控,"风险控制,数据分析,策略优化,客户沟通,资信评估"
金融-中后台-催收员,"催收管理,逾期账款处理,客户信用维护,电话催收技巧,贷后风险管理"
销售-房地产销售/招商-地产中介,"房产销售,客户服务,房源匹配,交易促成,房产信息管理"
销售-销售管理-城市经理,"城市管理,销售策略,客户关系,市场开拓,金融服务"
运营-客服-售前客服,"运营-客服-售前客服,客户接待,订单处理,客户关系维护,电商平台沟通"
技术-前端/移动开发-UE4,"前端开发,UE4引擎,移动应用,用户界面,游戏开发"
房地产/建筑-物业管理-物业经理,物业服务、安全保障、客户关系、团队领导、设备维护
市场-市场/营销-营销主管,"市场分析,营销策略,团队管理,业绩增长,市场推广"
生产制造-技工/普工-钻工,"深孔钻操作,摇臂钻床技能,五金加工,图纸解读,质量管理"
传媒-影视媒体-主持人/DJ,"活动主持,直播技巧,情感音乐内容,剧本杀游戏主持,短视频制作与推广"
服务业-汽车服务-汽车维修,"汽车维修,日常保养,故障诊断,机电维修,钣金作业"
销售-课程销售-招生顾问,"招生咨询,课程销售,客户关系维护,电话邀约,教务管理"
传媒-影视媒体-主播,"传媒,直播技术,节目制作,观众互动,表达能力"
设计-游戏设计-游戏界面设计师,"创意设计,用户体验,界面美学,交互流畅,游戏元素"
服务业-美容保健-理疗师,"美容保健,理疗技术,客户服务,治疗方案制定,疼痛缓解"
医疗健康-健康整形-营养师/健康管理师,"营养咨询,健康评估,饮食规划,体重管理,体质调理"
市场-市场/营销-SEO,"SEO优化,内容营销,关键词研究,搜索引擎分析,链接建设"
技术-硬件开发-嵌入式,"嵌入式系统,硬件设计,编程技能,产品研发,电路分析"
销售-广告/会展销售-会展活动销售,"会展策划,客户沟通,销售策略,市场推广,活动执行"
生产制造-质量安全-产品认证工程师,"产品认证,质量控制,安全标准,技术评审,文档管理"
销售-销售管理-团队经理,"团队管理,销售业绩提升,客户关系维护,团队招募与培训,市场开拓与客户服务"
传媒-影视媒体-灯光师,"灯光设计,影视拍摄,视觉效果,设备操控,现场调控"
旅游-旅游服务-计调,"旅游线路设计,客户服务,行程管理,旅游产品开发,市场协调"
生产制造-技工/普工-电工,"电力系统维护,电路安装,故障排查,安全规范遵守,电气设备检修"
传媒-采编/写作/出版-作者/撰稿人,"原创文学创作,微信公众号推文,剧本杀创作,短视频文案撰写,娱乐类文章撰写"
技术-项目管理-项目助理,"项目管理,文档编写,数据统计分析,沟通协调,客户维护"
运营-运营-数据标注/AI训练师,"数据标注,AI训练,图像视频处理,数据质量控制,AI算法优化"
服务业-婚礼/花艺-花艺师,"设计创意,花卉搭配,婚礼布置,顾客服务,花艺制作"
运营-运营-阿里国际站运营,"运营管理,平台优化,市场分析,用户增长,电商经验"
技术-测试-性能测试,"性能测试,功能测试,自动化测试,软硬件测试,测试方案制定"
供应链/物流-物流-货运代理经理,"国际物流,客户关系管理,销售策略,供应链管理,航线运营"
服务业-零售-商场运营,"商场管理,顾客服务,销售策略,商品陈列,店铺运营"
销售-销售行政/商务-销售运营,"销售运营,客户关系管理,市场推广,业务拓展,销售策略分析"
设计-非视觉设计-橱柜设计,"橱柜设计,客户沟通,定制方案,测量尺寸,设计软件"
销售-汽车销售-汽车配件销售,"汽车销售,配件知识,客户沟通,销售策略,市场分析"
技术-硬件开发-射频工程师,"射频开发,电路设计,技术调试,产品测试,天线设计"
教育培训-教育产品研发-课程设计,"教育产品研发,课程设计,教学方案制定,教研工作,教学材料编写"
服务业-零售-促销员,"接待顾客,商品销售,促销活动,新客户开发,客户服务"
房地产/建筑-建筑/规划设计-园林/景观设计,"园林景观设计,植物养护与管理,设计方案制作,现场施工配合,规划设计与绘图"
生产制造-汽车制造-内外饰设计工程师,"汽车内外饰设计,结构工程,零部件研发,造型分析,数据设计与分析"
设计-视觉/交互设计-平面设计,"视觉传达,创意设计,版式布局,颜色运用,品牌形象"
设计-游戏设计-游戏特效,"游戏设计,特效制作,视觉艺术,交互体验,创意实现"
运营-运营-内容运营,"内容运营,文案撰写,社交媒体管理,内容营销,品牌推广"
技术-测试-软件测试,"软件测试,缺陷管理,自动化测试,测试用例编写,性能测试"
人力/财务/行政-人力资源-人力资源经理/主管,"招聘管理,员工关系,薪酬福利,组织发展,劳动法规"
市场-市场/营销-游戏推广,"游戏推广,玩家运营,在线推广,客户服务,销售推广"
技术-前端/移动开发-技术美术,"前端开发,移动应用,美术设计,交互体验,技术实现"
房地产/建筑-建筑/规划设计-弱电工程师,"弱电工程,智能化系统,施工与维护,技术支持与方案设计,系统管理与质量控制"
设计-视觉/交互设计-漫画师,"漫画创作,分镜设计,手绘技巧,上色工作,团队协作"
金融-投融资-行业研究,"金融研究,行业分析,投资策略,市场研究,股票分析"
技术-运维/技术支持-网络安全,"网络安全,安全设备维护,风险漏洞管理,安全管理制度优化,网络架构设计"
市场-市场/营销-网络推广,"网络推广,数据分析,广告优化,媒体运营,客户沟通"
生产制造-机械设计/制造-机械制图员,"机械设计,制图技能,精密制造,工程计算,CAD软件"
服务业-酒店-礼仪/迎宾/接待,"礼仪接待,客户服务,门迎服务,餐饮服务,礼宾服务"
教育培训-教师-英语教师,"教育培训,英语教学,课程设计,学生评估,教材编写"
运营-客服-网络客服,"网络沟通,客户关系维护,售前售后支持,产品咨询解答,订单管理处理"
教育培训-教育行政-教学管理,"教育培训,教学管理,课程规划,团队管理,客户服务"
人力/财务/行政-人力资源-HRBP,"人力资源管理,招聘与配置,绩效评估,文化建设与维护,组织发展规划"
生产制造-质量安全-生产安全员,"质量监控,安全规范,风险评估,生产现场,隐患排查"
技术-数据-数据开发,"数据仓库架构,数据模型设计,大数据开发,ETL处理,数据质量管理"
生产制造-技工/普工-喷塑工,"喷塑技术,喷粉操作,工艺流程维护,设备操作维护,质量控制与检验"
服务业-零售-门店店长,运营管理、销售目标达成、团队建设与员工培训
设计-高端设计职位-设计经理/主管,"设计管理,视觉创意,电商设计,团队管理,客户服务"
技术-测试-游戏测试,"游戏测试,自动化测试,性能测试,缺陷管理,Bug修复"
人力/财务/行政-财务-财务经理/主管,"财务管理,预算控制,财务报告,资金运营,团队领导"
供应链/物流-交通/运输-商务司机,"驾驶技能,路线规划,客户服务,安全意识,时刻表管理"
服务业-汽车服务-汽车改装工程师,"汽车改装,技术设计,安全标准,客户沟通,创新思维"
技术-后端开发-Java,"Java,后端开发,API设计,服务端编程,数据库管理"
销售-金融销售-保险顾问,"销售策略,金融产品知识,客户关系管理,保险计划设计,业绩目标达成"
运营-运营-淘宝运营,"电商平台运营,产品上架管理,流量增长策略,销售数据分析,顾客服务经验"
金融-银行-信贷专员,"金融产品管理,信贷业务咨询,客户服务维护,贷款方案制定,风险理念宣导"
服务业-零售-陈列员,检、估价、回收、销售及顾客咨询处理；负责日常账目核对，维护产品陈列，并完成店内各项任务。
运营-运营-速卖通运营,"速卖通运营,产品管理,数据分析,营销策略,客户服务"
人力/财务/行政-财务-统计员,"统计数据分析,财务报表制作,库存管理,数据录入,ERP系统操作"
传媒-影视媒体-导演/编导,编导、脚本撰写、拍摄与后期制作的全面工作。
技术-测试-硬件测试,"硬件测试,测试用例设计,数据分析与报告,自动化测试,质量控制"
技术-测试-渗透测试,"渗透测试,安全漏洞,网络防护,代码审计,攻击模拟"
销售-广告/会展销售-广告销售,"销售策略,客户关系管理,广告销售,新媒体平台推广,市场拓展"
运营-运营-亚马逊产品开发,"运营分析,产品开发,市场调研,供应链管理,客户需求分析"
销售-销售行政/商务-商务总监,"销售策略,团队管理,商务谈判,市场分析,业绩目标"
高级管理-高级管理职位-区域负责人(辖多个分公司),"运营管理,团队领导,销售策略,客户关系,大区协调"
咨询/翻译/法律-咨询/调研-咨询经理,"咨询/调研,项目管理,数据分析,市场研究,客户关系维护"
生产制造-技工/普工-抛光工,"抛光技术,不锈钢处理,五金加工,表面打磨,设备维护"
运营-运营-国内电商运营,"电商平台运营,产品上架管理,销售策略优化,用户体验提升,市场分析预测"
市场-市场/营销-网络营销,"网络营销,客户沟通,产品推广,销售策略,在线服务"
生产制造-技工/普工-钣金工,"钣金设计,激光切割,折弯工艺,加工设备操作,质量控制"
技术-后端开发-Golang,"技术研发,微服务架构,Go语言编程,系统维护,云原生技术"
房地产/建筑-建筑/规划设计-城市规划设计,"城乡规划设计,土地资源管理,市场调研分析,项目管理执行,GIS与制图技术"
市场-市场/营销-海外市场,"市场分析,国际市场,营销策略,品牌推广,多语言沟通"
教育培训-特长培训-轮滑教练,"轮滑技能,教学方法,安全指导,教练经验,团队协作"
供应链/物流-交通/运输-快递员,"快递派送,客户服务,路线规划,时间管理,包裹处理"
生产制造-技工/普工-磨工,"磨工,钣金打磨,焊接件打磨,操作磨床,五金配件加工"
服务业-宠物服务-宠物医生,"诊断治疗,宠物护理,客户服务,兽医学知识,紧急处理"
技术-通信-通信研发工程师,无线通信技术研究与应用，协议栈开发和维护
教育培训-特长培训-钢琴教师,"钢琴教学,学生管理,音乐会准备,招生辅助,家长沟通"
医疗健康-生物制药-生物学研究人员,"生物制品研发,细胞培养技术,分子生物学实验,生物信息学分析,免疫学检测方法"
教育培训-教师-早教老师,"早教知识,儿童心理,教学方法,课程设计,亲和力强"
服务业-餐饮-凉菜厨师,"凉菜制作,厨房卫生,食材采购,质量控制,凉菜研发"
技术-人工智能-大模型算法,"大模型算法,深度学习,模型训练,AI研发,算法优化"
房地产/建筑-工程管理-施工员,"施工管理,质量控制,技术指导,项目协调,安全生产监管"
服务业-汽车服务-汽车美容,"汽车美容,抛光打蜡,太阳膜施工,内饰清洗,客户服务"
服务业-安保/家政/维修-护工,"养老护理,生活照料,基础护理,心理护理,康复护理"
技术-后端开发-.NET,"技术-后端开发-.NET,C#编程,WinForm开发,数据库管理,模块设计编码"
生产制造-技工/普工-焊工,"焊接技术,手工操作,金属加工,焊接安全,质量检验"
销售-销售-销售专员,"销售技巧,客户服务,市场开发,产品销售,网络营销"
技术-高端技术职位-技术总监,"技术管理,研发团队领导,产品规划与设计,高端技术战略,项目协调与执行"
销售-课程销售-课程顾问,"课程销售,客户服务,市场推广,招生管理,业务拓展"
市场-市场/营销-APP推广,"市场推广,地推拉新,客户关系,APP推广策略,资源置换合作"
人力/财务/行政-行政-文员,"文件管理,行政支持,数据录入,文书工作,会议安排"
传媒-影视媒体-剧本杀主持人,"剧本杀主持,客户服务,角色扮演,游戏管理,体验优化"
服务业-餐饮-调酒师,"鸡尾酒制作,顾客服务,酒品知识,创意调配,氛围营造"
技术-运维/技术支持-运维开发工程师,"PHP编程,数据库操作,自动化工具开发,CI/CD平台搭建,架构设计"
房地产/建筑-建筑/规划设计-建筑工程师,"设计优化,结构分析,施工管理,法规遵守,设计创新"
技术-项目管理-项目经理/主管,"项目管理,技术方案制定,成本控制,团队领导,风险管理"
教育培训-特长培训-舞蹈老师,"舞蹈教学,舞蹈编排,艺术表现,教育培训,学员指导"
技术-后端开发-其他后端开发,"后端开发,编程语言,系统设计,算法优化,项目管理"
销售-服务业销售-美容顾问,"美容产品知识,客户服务技巧,销售业绩达成,产品推广方案,美容咨询服务"
服务业-美容保健-化妆师,"化妆服务,儿童摄影,造型设计,婚纱照拍摄,形象打造"
运营-运营-直播运营,"运营策略制定与执行,直播内容策划,互动与氛围营造,数据分析与优化,主播培训与管理"
教育培训-特长培训-书法教师,"书法教学,家长沟通,课程设计,教案准备,硬笔教学"
教育培训-特长培训-机器人教师,"机器人编程教学,乐高教学,竞赛指导,家长沟通,课程设计与研发"
教育培训-特长培训-健身教练,"健身指导,课程教学,会员服务,教练技能,训练计划制定"
设计-视觉/交互设计-修图师,"视觉审美,图像编辑,创意设计,色彩感知,布局调整"
生产制造-生产营运-生产设备管理员,"自动化设备维护,生产设备管理,设备维护计划,保养与操作规程,生产质量控制"
技术-项目管理-需求分析工程师,"需求分析,项目管理,技术专长,沟通协调,解决方案设计"
传媒-采编/写作/出版-校对录入,"校对录入,档案数字化,数据录入与核对,图像处理,教辅材料编辑"
运营-运营-社区运营,社群活跃度。
人力/财务/行政-财务-成本会计,"成本核算,财务管理,预算控制,成本分析,成本会计报告"
房地产/建筑-工程管理-建筑施工项目经理,"土木工程,项目管理,施工监督,现场管理,质量控制"
服务业-美容保健-采耳师,"采耳服务,顾客护理,卫生安全,服务技巧,技能培训"
技术-人工智能-推荐算法,"机器学习,数据分析,算法优化,推荐系统,Python编程"
运营-运营-网站运营,"运营管理,内容更新,SEO优化,推广策略,数据分析"
服务业-安保/家政/维修-保安,"巡逻监控,应急处理,安全检查,客户服务,形象维护"
服务业-零售-导购,"商品销售,客户服务,货品管理,促销活动,店铺运营"
技术-硬件开发-系统集成,"硬件设计,系统集成,项目管理,技术方案,项目交付"
供应链/物流-交通/运输-无人机飞手,飞行、飞行计划制定、飞行数据分析、航线勘察、飞行安全保障。
技术-人工智能-规控算法,算法测试。
金融-中后台-金融产品经理,"金融产品设计,风险评估,市场分析,投资策略,客户关系管理"
供应链/物流-物流-物流/仓储项目经理,"物流管理,项目协调,仓储优化,运输调度,成本控制"
技术-人工智能-自然语言处理算法,"算法研发,自然语言处理,模型优化,算法调参,数据分析"
金融-证券/基金/期货-证券交易员,"交易策略,市场分析,资金运作,风险控制,盈利目标"
生产制造-技工/普工-木工,"木工技艺,生产制造,手工制作,家具制造,精细操作"
销售-广告/会展销售-会议活动销售,"会议活动销售,客户邀约,产品介绍,成交能力,市场活动组织"
人力/财务/行政-财务-财务分析/财务BP,"供应链管理,财务分析,预算管理,成本控制,战略决策支持"
传媒-影视媒体-后期制作,"后期制作,视频剪辑,特效合成,创意策划,素材管理"
市场-公关媒介-广告客户执行,"广告客户执行,客户需求沟通,项目管理协调,市场媒介策略,创意内容提案"
运营-运营-内容审核,"内容审核,客户服务,数据录入,团队管理,风险控制"
其他-其他职位类别-其他职位,"其他职位,综合能力,项目管理,团队合作,策略规划"
教育培训-特长培训-播音主持教师,"播音主持教学,语言艺术,学生指导,课程研发,口才培训"
运营-运营-车辆运营,"运营管理,车辆调度,客户服务,团队管理,事故处理"
设计-非视觉设计-陈列设计,"空间布局,创意设计,陈列美感,展示技术,视觉营销"
教育培训-教师-地理教师,"教授高中地理,制定教学计划,学科研究与教材编写,个性化教学与辅导,学生成绩提升"
市场-市场/营销-市场营销,"市场推广,客户关系管理,销售策略,市场调研,品牌建设"
咨询/翻译/法律-咨询/调研-IT咨询顾问,数字化转型咨询、业务流程优化、IT治理等。
教育培训-教师-日语教师,"高中日语教学,教研活动,班级管理,高考备考指导,学生评估与反馈"
咨询/翻译/法律-咨询/调研-心理咨询师,"心理咨询,情绪支持,心理评估,咨询技巧,心理治疗"
生产制造-技工/普工-弱电工,"弱电系统维护,设备维修保养,电气操作,工程巡检,系统施工监控"
供应链/物流-物流-物流运营,"物流运营,团队管理,数据分析,客户服务,操作监控"
房地产/建筑-工程管理-测绘/测量,"测量技术,工程监督,地理信息系统,图纸处理,建筑规划"
旅游-旅游服务-票务员,"客户服务,票务操作,旅游信息,接待咨询,数据录入"
服务业-安保/家政/维修-安检员,"安检检查,秩序维护,安全检查设备,行李扫描,地铁站工作"
生产制造-技工/普工-钳工,"钳工技术,机械装配,设备调试,制图解读,质量控制"
生产制造-化工-化妆品研发,"化妆品研发,配方优化,产品测试,市场调研,科学传播"
服务业-餐饮-服务员,"服务态度,餐饮服务,顾客满意,卫生保持,基本餐饮技能"
农/林/牧/渔-农业/林业-农业/林业技术员,"农作物种植,土壤管理,农业技术推广,林业种植,生态保护"
金融-保险-保险理赔,"理赔处理,风险评估,保险条款,客户服务,案件审核"
咨询/翻译/法律-律师-事务所律师,"案件处理,法律咨询,合同审查,客户维护,合伙事务管理"
技术-电子/半导体-集成电路IC设计,"集成电路设计,数字IC设计,模拟IC设计,版图设计,高端智能芯片"
生产制造-汽车制造-汽车设计,"智能座舱设计,汽车内外饰设计,模型手工造型,3D/2D建模,正向/逆向建模"
运营-运营-用户运营,"社群活跃度提升,用户增长策略,数据分析优化,社群运营维护,活动策划执行"
教育培训-特长培训-乒乓球教练,"技术指导,教学方法,乒乓球技巧,训练规划,运动心理学"
服务业-美容保健-养发师,"养发护理,头皮护理,客户服务,产品推荐,技能培训"
生产制造-技工/普工-水电工,"水电安装维修,设备维护保养,工程施工指导,安全检查,水电系统维护"
服务业-美容保健-美体师,"美容护理,身体护理,皮肤管理,服务技巧,技术提升"
服务业-餐饮-烧烤师傅,"烧烤制作,食材腌制,串肉工作,菜品创新,卫生清洁"
房地产/建筑-工程管理-工程监理,"工程监理,质量监督,施工管理,风险控制,项目协调"
服务业-餐饮-奶茶店店员,"接待顾客,饮品制作,店内卫生维护,收银管理,团队协作"
医疗健康-医生/医技-眼科医生,诊断、治疗、手术、病历管理、顾客沟通、科研教学。
人力/财务/行政-财务-财务顾问,财务报表等。
教育培训-教师-物理教师,"教育培训,物理学科教学,学生成绩提升,教学管理与研发,家校沟通协调"
销售-服务业销售-会籍顾问,"客户关系,销售策略,服务业经验,会籍营销,业绩目标"
房地产/建筑-房地产规划开发-房地产策划,"房地产规划,市场分析,项目开发,营销推广,规划设计"
教育培训-教师-高中教师,"高中教学,学科知识传授,教研活动参与,个性化教学方案,课程讲授与管理"
技术-后端开发-Python,"后端开发,Python编程,数据处理,数据库操作,爬虫技术"
运营-运营-游戏运营,"游戏内容运营,用户增长策略,数据分析优化,跨部门协调,市场推广活动"
销售-销售-渠道销售,"渠道开发,销售策略,业绩目标,客户管理,产品推广"
生产制造-技工/普工-机修工,"机修技术,设备维护,故障排除,日常保养,安全管理"
服务业-酒店-客房经理,"客房管理,员工培训,服务质量监督,物资控制,客房卫生检查"
人力/财务/行政-法务-法务专员/助理,"合同管理,法律咨询,法务审核,法律文档处理,知识产权保护"
人力/财务/行政-财务-会计,会计师事务所等）的良好关系。
服务业-美容保健-美发助理/学徒,"美发助理,烫染技术,洗护服务,客户接待,学徒学习"
服务业-零售-卖场经理,"服务管理,销售策略,团队领导,顾客关系,商店运营"
设计-视觉/交互设计-网页设计师,"设计,用户体验,网页布局,视觉元素,色彩搭配"
旅游-旅游服务-导游,"旅游服务,导游讲解,客户沟通,景点规划,安全管理"
市场-政府事务-项目申报专员,"政府关系,项目管理,政策研究,申报文书,市场调研"
金融-中后台-资产评估,"资产评估,资产管理,不良资产处置,估值核算,项目管理"
市场-市场/营销-市场策划,市场调研、品牌推广、活动策划、文案撰写。
服务业-汽车服务-二手车评估师,"二手车评估,车辆检测,收购管理,价格评估,市场分析"
生产制造-技工/普工-搬运工/装卸工,"装卸搬运,货物管理,仓库操作,物流配送,质量控制"
教育培训-教育行政-校长/副校长,"管理能力,教育规划,团队领导,行政事务,策略制定"
技术-前端/移动开发-Cocos,"Cocos开发,游戏功能模块,客户端性能优化,技术研究与应用,SDK接入与维护"
服务业-汽车服务-汽车服务顾问,"汽车服务,客户沟通,维修知识,服务流程,顾问咨询"
生产制造-机械设计/制造-热设计工程师,"热设计工程师,热仿真分析,散热方案设计,热管理系统开发,设备操作"
生产制造-生产营运-生产计划/物料管理(PMC),"生产制造,物料计划,生产调度,库存管理,生产效率"
人力/财务/行政-人力资源-员工关系,"员工关系管理,招聘流程,培训发展,组织文化,劳动法规"
技术-后端开发-C/C++,"后端开发,C/C++编程,算法集成,系统架构设计,Linux环境编程"
运营-高端运营职位-运营总监,"战略规划,团队管理,运营优化,业绩分析,领导力"
服务业-酒店-酒店前台,前台操作系统、客户服务、账务处理、接待礼仪、客房预定管理。
高级管理-高级管理职位-高级管理职位,"高级管理,团队建设,业务拓展,项目管理,公司战略规划"
生产制造-生产营运-生产组长/拉长,"生产管理,人员培训,质量控制,生产调度,安全生产"
生产制造-技工/普工-氩弧焊工,"氩弧焊接,不锈钢焊接,标识牌焊接,焊接技术应用,设备操作和维护"
教育培训-教师-托管老师,"学生管理,课程辅导,安全监护,家长沟通,责任心强"
服务业-零售-防损员,"服务意识,安全巡逻,防损策略,应急处理,客户服务"
服务业-汽车服务-洗车工,"洗车服务,汽车美容,客户服务,洗车工艺,内饰清洁"
医疗健康-生物制药-生物信息工程师,"生物信息分析,基因序列处理,生物制药研究,数据管理,统计建模"
销售-销售行政/商务-商务专员,"销售,客户关系管理,商务谈判,销售策略制定,直播带货合作"
生产制造-环保-环评工程师,"环保报告编制,环评技术管理,应急预案制定,现场调研,环保合规咨询"
教育培训-教师-初中教师,"教育经验,教学方法,学科知识,学生指导,评估反馈"
采购/贸易-采购-供应商质量工程师,"供应链管理,质量评估,供应商审核,质量改善,6σ方法"
供应链/物流-仓储-仓库管理员,"仓库管理,库存控制,货物分拣,货物出入,物流协调"
人力/财务/行政-财务-财务总监/VP,税务管理、财务报告、团队建设与领导
教育培训-教育产品研发-课程编辑,"内容创作,课程设计,教育理念,教材更新,文本审核"
农/林/牧/渔-畜牧/渔业-畜牧兽医,"农/林/牧/渔-畜牧/渔业-畜牧兽医,技术服务,疫病诊断,医疗保健,兽医管理"
技术-人工智能-算法工程师,"算法设计,机器学习,模型优化,视觉处理,自然语言处理"
技术-数据-数据架构师,"数据架构设计,数据管理策略,系统集成,数据流程优化,大数据技术"
医疗健康-医生/医技-中医,"中医诊疗,病历管理,推拿按摩,中医养生,脉象诊断"
生产制造-技工/普工-学徒工,"学徒工作,操作机械,技术学习,实践经验,多元技能"
设计-游戏设计-游戏场景,"游戏场景设计,3D模型制作,UE4引擎应用,场景氛围营造,美术资源管理"
医疗健康-医生/医技-口腔科医生,"口腔种植,牙科治疗,诊断能力,四手操作,客户沟通"
供应链/物流-高端供应链职位-供应链总监,"战略规划,供应链优化,团队管理,高端物流,项目领导"
技术-项目管理-实施工程师,"技术实施,项目管理,客户支持,系统培训,软硬件运维"
采购/贸易-采购-投标专员,"投标管理,采购协调,合同审查,市场调研,文件整理"
生产制造-化工-食品/饮料研发,"食品研发,化工知识,安全标准,创新能力,味觉测试"
教育培训-教师-感统训练教师,"感统训练,家长沟通,教学活动,课程设计,感统课程教学"
服务业-安保/家政/维修-月嫂,"月嫂服务,新生儿护理,产妇护理,制作月子餐,育儿知识指导"
生产制造-环保-EHS工程师,"环保法规遵从,环境风险评估,安全体系建设,废弃物处理,持续改进"
运营-运营-新媒体运营,"新媒体运营,内容创作,平台管理,数据分析,活动策划"
医疗健康-药店-执业药师/驻店药师,"药品管理,质量监督,销售服务,药学咨询,专业培训。"
技术-测试-自动化测试,"自动化测试,测试脚本编写,性能测试,自动化测试框架,缺陷管理"
教育培训-特长培训-吉他教师,"教育培训,吉他演奏,教学方法,音乐素养,学员互动"
供应链/物流-物流-供应链专员,配送流程管理
生产制造-技工/普工-包装工,"包装操作,生产效率,质量检验,物料搬运,机器操作"
供应链/物流-物流-货运代理专员,"物流协调,货物运输,客户服务,代理协议,供应链优化"
服务业-美容保健-纹绣师,"美容技术,纹绣设计,客户服务,质量控制,设备维护"
服务业-餐饮-收银,"收银管理,客户服务,财务核算,商品销售,团队合作"
产品-产品经理-电商产品经理,"电商产品管理,市场调研,产品规划,新品开发,用户需求分析"
销售-医疗销售-医疗器械销售,"销售策略,客户关系管理,医疗产品知识,市场拓展,售后服务"
服务业-零售-店员/营业员,"店内清洁,客户服务,商品销售,店面整理,收银操作"
技术-前端/移动开发-Android,"Android开发,应用维护,架构设计,代码优化,性能调优"
房地产/建筑-工程管理-资料员,"工程资料管理,文档处理,资料归档,办公软件操作,资质申报"
生产制造-生产营运-厂务,"生产制造,厂务系统维护,设备管理与维修,能源与环境控制,团队管理与协调"
房地产/建筑-装饰装修-软装设计师,"软装设计,室内配饰,材料选型,方案沟通,施工监理"
人力/财务/行政-人力资源-组织发展,"组织发展,人才管理,培训规划,绩效评估,系统建设"
服务业-汽车服务-汽车查勘定损,"汽车查勘,损失评估,事故处理,理赔管理,客户沟通"
教育培训-教育行政-班主任/辅导员,"班主任/辅导员,学生管理,家长沟通,课程规划,续费推广"
供应链/物流-物流-水/空/陆运操作,"水/空/陆运操作,单证处理,报关经验,货物跟踪,物流管理。"
供应链/物流-交通/运输-驾校教练,"驾校教练,驾驶教学,学员管理,实操培训,科目二科目三"
生产制造-机械设计/制造-夹具工程师,"机械设计,夹具设计,自动化设备,设备维护,CAD软件应用"
服务业-餐饮-茶艺师,"茶艺服务,茶叶品质鉴别,客户服务,产品销售,茶文化推广"
人力/财务/行政-人力资源-薪酬绩效,"薪酬核算,绩效考核,数据分析,体系搭建,人力资源政策"
旅游-旅游服务-讲解员,"旅游讲解,客户服务,展厅管理,接待流程,文化传播"
医疗健康-医生/医技-验光师,"诊断视力,配镜技术,眼科知识,顾客咨询,视光服务"
教育培训-教师-美术教师,"美术教学,创意设计,色彩理论,学生指导,课堂管理"
教育培训-教师-教师,"教学管理,课程研发,学生辅导,家长沟通,班级管理"
咨询/翻译/法律-咨询/调研-婚恋咨询师,"心理咨询,婚恋问题分析,沟通技巧,客户关系,婚恋市场了解"
生产制造-新能源-线束设计,"新能源,线束设计,电气工程,生产工艺,材料选择"
农/林/牧/渔-畜牧/渔业-饲养员,"养殖管理,动物饲养,生物安全,畜牧技术,日常护理"
生产制造-环保-环保工程师,"环保工程师,废气处理,污水处理,环评编制,设备管理"
销售-医疗销售-医药代表,"销售能力,医药知识,客户关系,市场开发,销售业绩"
运营-编辑-网站编辑,"内容策划,文字编辑,网站维护,SEO优化,版面设计"
金融-中后台-合规稽查,"金融法规,风险控制,稽查审查,内控体系,合规审查"
咨询/翻译/法律-咨询/调研-市场调研,"市场分析,调研设计,数据收集,报告编写,客户沟通"
传媒-影视媒体-摄影/摄像师,"摄影/摄像,视频剪辑,短视频制作,脚本策划,审美标准"
销售-销售-销售工程师,"机电设备销售,项目销售管理,大客户维护,市场推广活动,新产品推广"
技术-项目管理-实施顾问,"实施顾问,项目管理,MES系统实施,ERP系统实施,需求分析"
教育培训-教师-体育教师/体育教练,"体育教学,课程开发,客户关系管理,教练技能,教学质量控制"
人力/财务/行政-行政-前台,"前台接待,客户服务,行政管理,办公环境维护,信息登记"
人力/财务/行政-财务-总账会计,"总账会计,财务报表,纳税申报,会计核算,成本控制"
生产制造-汽车制造-汽车电子工程师,"汽车电子,系统集成,电路设计,故障分析,信号处理"
服务业-餐饮-厨师,"厨艺技能,川菜烹饪,海鲜料理,烤制技艺,中餐料理"
生产制造-质量安全-汽车质量工程师,"质量控制,汽车行业经验,安全标准,质量保证,检测测试"
技术-硬件开发-DSP开发,"DSP软件开发,控制系统设计,嵌入式编程,逆变器软件开发,算法实现与优化"
采购/贸易-采购-商品经理,"商品管理,市场分析,采购策略,供应链优化,跨部门协作"
教育培训-教师-幼教,"幼儿教育,班级管理,家长沟通,课程教学,看护照料"
医疗健康-医生/医技-检验科医师,"诊断分析,实验室技术,医疗报告,样本测试,结果解读"
房地产/建筑-房地产规划开发-地产项目管理,"房地产项目管理,土地资源评估,政府关系协调,地产项目运营,项目前期报批"
产品-产品经理-AI产品经理,"AI产品规划,需求分析,产品管理,市场分析,AI技术应用"
技术-人工智能-深度学习,"深度学习,图像处理,计算机视觉,算法开发,模型优化"
运营-运营-拼多多运营,"电商运营,活动策划,产品推广,数据分析,团队协作"
咨询/翻译/法律-律师-律师助理,"案件管理,法律文书撰写,客户关系维护,案件跟进,诉讼代理"
生产制造-机械设计/制造-机电工程师,"机械设计/制造,机电一体化设计,电气系统调试,自动化控制设计,维修保养技术"
教育培训-特长培训-表演教师,"表演教学,语言艺术,课程规划与创新,艺考指导,节目排演"
生产制造-质量安全-体系审核员,"质量体系审核,审核方案管理,食品安全卫生审核,产品质量检验,ISO体系审核"
服务业-餐饮-行政总厨,"餐饮管理,菜品研发,质量控制,成本管理,团队领导"
高级管理-高级管理职位-副总裁/副总经理/VP,"决策制定,战略规划,团队领导,业务协调,资源分配"
产品-产品经理-产品专员,"产品开发,市场分析,产品管理,销售与推广,客户服务"
教育培训-教师-理科教师,"理科知识,教学能力,课程设计,学生引导,科学实验"
医疗健康-护士/护理-护士,口腔护理、患者接待、护理操作、医疗文件管理、临床支持
销售-销售-客户代表,"销售技巧,客户关系管理,市场推广,产品销售推广,大客户管理"
高级管理-高级管理职位-总助/CEO助理/董事长助理,"日常事务管理,战略规划,团队协调,高级行政协助,商务谈判"
人力/财务/行政-行政-行政总监,"管理能力,组织协调,行政决策,人事资源,政策执行"
技术-前端/移动开发-iOS,"iOS开发,应用迭代,技术研究,架构设计,性能优化"
服务业-安保/家政/维修-育婴师,"服务业-安保/家政/维修-育婴师,婴幼儿护理,婴幼儿教育,育儿知识,潜能开发,家政服务"
采购/贸易-采购-采购总监,"供应链管理,采购策略制定,供应商开发与维护,跨部门协作,成本控制"
房地产/建筑-房地产规划开发-地产招投标,"房地产规划,招投标管理,合同审批,标书制作,项目协调"
传媒-影视媒体-影视策划,"创意构思,影视剧本,市场分析,媒体合作,项目管理"
生产制造-能源/地质-光伏系统工程师,"光伏系统,能源工程,系统设计,设备维护,清洁能源"
设计-视觉/交互设计-动画设计,"动画设计,3D建模,渲染技巧,动画制作流程,分镜绘制"
房地产/建筑-物业管理-综合维修工,"综合维修,设施设备管理,物业服务,水电维护,安全检查"
技术-电子/半导体-电气设计工程师,"电气设计,自动化设备设计,电气控制系统,技术资料管理,项目设计管理"
销售-医疗销售-健康顾问,"销售技巧,客户关系维护,产品推广,健康咨询服务,销售目标达成"
运营-客服-客服经理,"客服管理,客户关系维护,服务流程优化,团队领导,业务处理"
生产制造-新能源-电机工程师,"电机设计,新能源技术,控制系统开发,电磁分析,技术研发与优化"
传媒-影视媒体-游戏主播,"游戏直播,粉丝互动,直播推广,游戏技能展示,互动交流"
生产制造-机械设计/制造-注塑工程师,"机械设计,注塑技术,产品调试,模具管理,质量控制"
服务业-酒店-客房服务员,"客房清洁,客房服务,清洁工具维护,客人需求响应,布草处理"
市场-市场/营销-活动策划,"市场分析,活动创意,营销策略,项目管理,团队协作"
技术-电子/半导体-电子维修技术员,"电子维修技术,SMT设备编程,不良品维修记录,设备日常维护,电子焊接"
运营-运营-线下拓展运营,"线下拓展,运营策略,市场调研,客户关系,区域管理"
技术-后端开发-PHP,"后端开发,PHP语言,API接口开发,网站及应用开发,数据库及缓存技术应用"
技术-电子/半导体-电子工程师,"电子设计,电路分析,半导体技术,产品测试,PCB布局"
设计-视觉/交互设计-美工,"设计,视觉效果,交互设计,创意能力,艺术审美"
教育培训-教师-生物教师,"生物教学,高中教育,教研活动,提分方案,教学计划制定"
医疗健康-医生/医技-医生助理,医务助理相关工作，包括证件变更办理、培训安排、会议记录、医疗数据收集分析、医生行程协助安排等。
生产制造-机械设计/制造-机械维修/保养,"设备维修,设备保养,故障排除,技术培训,操作指导"
市场-会务会展-会议活动执行,会务执行、客户沟通、项目管理、服务质量监督、会议策划
医疗健康-药店-药店店员,"医疗服务,药品销售,顾客服务,药品管理,药品知识"
医疗健康-医疗器械-医疗器械注册,"医疗器械注册,法规合规,产品认证,临床评价,质量管理"
市场-公关媒介-媒介专员,"媒介拓展,达人合作,品牌推广,数据分析,新媒体运营"
咨询/翻译/法律-翻译-其他语种翻译,"翻译校对,多语种沟通,本地化管理,国际客服,文档管理"
人力/财务/行政-行政-后勤,"行政管理,后勤服务,物资保管,客户协调,文档管理"
生产制造-技工/普工-普工/操作工,"生产制造,手工技艺,设备操作,产品质量,生产效率"
房地产/建筑-工程管理-工程预算,"室内装修设计,工程预算编制,招投标管理,成本控制,投标报价"
传媒-采编/写作/出版-编辑,"内容策划,文字编辑,版面设计,团队协作,媒体规范"
采购/贸易-采购-采购经理/主管,"采购策略制定,成本控制,供应商管理,团队协调,合同谈判"
技术-电子/半导体-FAE,"电子技术支持,客户需求分析,产品推广与培训,技术文档编写,自动化设备技术支持"
技术-高端技术职位-CTO,"技术研发,团队领导,项目管理,创新决策,软件架构"
人力/财务/行政-行政-行政经理/主管,"人力资源管理,行政事务协调,团队领导,办公流程优化,预算控制"
教育培训-教育行政-园长/副园长,"教育管理,团队建设,家长沟通,教学监管,幼儿园运营"
市场-市场/营销-SEM,"关键词1:SEM竞价
关键词2:数据分析
关键词3:营销策略制定
关键词4:客户服务沟通
关键词5:账户优化管理"
销售-销售行政/商务-客户成功,"销售技能,客户关系维护,续约率管理,需求分析,产品培训"
人力/财务/行政-财务-结算会计,"结算会计,财务数据分析,店面收银,客户对账,资金管理"
旅游-旅游产品开发/策划-旅游产品经理,"旅游产品设计,市场分析,产品管理,业务拓展,客户关系管理"
生产制造-化工-实验室技术员,"化工产品质量检验,实验室技术操作,微生物检测,理化性质分析,技术文件管理"
医疗健康-医疗器械-医疗器械生产/质量管理,"医疗器械生产,质量控制,生产流程管理,产品安全标准,GMP认证"
服务业-酒店-酒店前厅经理,"服务管理,客户关系,前厅运营,员工培训,收入优化"
服务业-餐饮-面点师,"面点制作,烘焙技术,手工技艺,质量控制,制作多样性"
教育培训-教师-语文教师,"语文教学,教学计划,教研活动,课后辅导,家长沟通"
市场-广告-广告/会展项目经理,"市场分析,广告策划,项目管理,客户沟通,创意思维"
人力/财务/行政-财务-税务外勤会计,"税务处理,外勤服务,财务报表,税务审计,会计法规"
咨询/翻译/法律-咨询/调研-战略咨询,"战略规划,市场研究,业务分析,咨询服务,战略执行"
运营-运营-京东运营,"京东平台运营,电商运营策略,用户增长推广,活动策划执行,数据分析优化"
运营-高端运营职位-运营经理/主管,"外卖运营管理,用户留存提升,数据监控分析,营销推广策略,活动策划执行"
医疗健康-医生/医技-药剂师,"药物配制,药品管理,临床药学,患者指导,药物知识"
咨询/翻译/法律-咨询/调研-企业管理咨询,"企业管理咨询,项目管理与执行,客户服务与沟通,业务需求调研,报告与方案编制"
生产制造-机械设计/制造-工艺工程师,工艺优化、生产效率提升、新产品导入、工程文件编制、质量控制。
咨询/翻译/法律-咨询/调研-咨询项目管理,"咨询项目管理,报告编制,项目申报,业务沟通,市场研究"
房地产/建筑-物业管理-绿化工,"园林维护,环境美化,植物配置,景观设计,物业管理"
传媒-采编/写作/出版-印刷排版,"印刷排版设计,图文快印服务,包装设计制作,平面设计操作,教材排版编辑"
传媒-影视媒体-带货主播,"带货主播,直播销售,产品展示,粉丝互动,带货技巧"
运营-客服-售后客服,"客户服务,问题解决,售后支持,沟通能力,流程管理"
市场-高端市场职位-市场总监,"市场分析,品牌推广,高端市场,团队领导,绩效管理"
服务业-酒店-民宿管家,"民宿运营,客户服务,房间管理,预订安排,日常维护"
技术-数据-数据仓库,大数据处理、数据模型设计、ETL开发与优化，以及数据质量与治理。
服务业-零售-理货员,"理货,商品管理,顾客服务,仓库整理,补货上架"
市场-市场/营销-市场推广,"市场分析,营销策略,品牌推广,客户关系,广告创意"
房地产/建筑-建筑/规划设计-暖通工程师,"暖通设计,工程管理,系统维护,节能优化,项目协调"
传媒-影视媒体-录音/音效,"录音混音技术支持,音效设计与制作,声音录制与处理,现场扩声技术操作,演出音响调试维护"
销售-金融销售-证券经纪人,"金融产品知识,客户关系管理,销售策略制定,业绩目标达成,金融市场分析"
医疗健康-医生/医技-幼儿园保健医,"儿童健康,预防接种,健康教育,日常诊疗,心理咨询"
传媒-影视媒体-视频编辑,"视频剪辑,创意设计,后期制作,多媒体素材,故事叙述"
服务业-美容保健-美睫师,"美睫设计,顾客服务,美容技巧,时尚感强,卫生管理"
运营-客服-客服主管,"客服团队管理,业务流程优化,数据分析,客户体验提升,团队文化策略"
销售-销售-大客户代表,"大客户维护,销售策略,业绩目标,关系建立,市场分析"
设计-非视觉设计-家居设计,"家居设计,创意构思,空间规划,家具选型,审美能力"
生产制造-技工/普工-铆工,"铆接,钢结构加工,图纸解读,自动化设备操作,质量控制"
产品-产品经理-硬件产品经理,"硬件产品开发,产品规划,市场调研,硬件设计,项目管理"
供应链/物流-仓储-仓库文员,"仓库管理,数据录入,订单处理,库存控制,办公室行政"
供应链/物流-物流-物流跟单,"物流跟单,订单管理,客户沟通,货运安排,货物追踪"
服务业-餐饮-传菜员,"传菜服务,区域卫生,顾客接待,日常运营,服务员任务"
服务业-其他服务业职位-网吧网管,"网络维护,故障排除,客户服务,安全管理,技术支持"
服务业-餐饮-餐饮储备店长/干部,"团队管理,顾客服务,餐饮运营,库存管理,利润分析"
金融-银行-柜员,"客户服务,业务办理,风险管理,客户咨询,资料管理"
供应链/物流-交通/运输-运输经理/主管,"运输成本控制,物流管理,车队管理,客户开发,运输调度"
传媒-影视媒体-演员/配音/模特,"直播,化妆技巧,角色扮演,短视频拍摄,模特展示"
生产制造-服装/纺织/皮革-打样/制版,"服装打版,样衣制作,版型调整,服装设计,工艺指导"
服务业-安保/家政/维修-家电维修,"家电维修,故障诊断,维修技能,服务意识,零件替换"
教育培训-特长培训-武术教练,"搏击教学,散打教学,少儿培训,武术套路,家长沟通"
高级管理-高级管理职位-总裁/总经理/CEO,"高级管理,战略规划,团队建设,运营管理,绩效考核"
生产制造-技工/普工-电梯工,"电梯维护,故障排除,日常保养,安全监管,仓库管理"
市场-政府事务-企业党建,"市场推广,政府关系,党建活动,政策理解,事务协调"
生产制造-生产营运-车间主任,"车间管理,生产调度,质量控制,人员培训,现场管理"
供应链/物流-物流-物流经理,"供应链管理,客户关系维护,物流流程优化,成本控制,团队管理"
教育培训-教师-音乐教师,"音乐教学,钢琴教学,声乐指导,器乐教学,教学研究"
供应链/物流-仓储-配/理/拣/发货,"仓储管理,货物分拣,发货效率,库存控制,物流协调"
房地产/建筑-工程管理-施工安全员,"施工安全管理,安全教育培训,事故处理与预防"
生产制造-技工/普工-油漆工,"油漆作业,喷漆技术,漆面管理,设备操作,维修技能"
医疗健康-医疗器械-试剂研发,"生物技术,实验研发,试剂创新,实验操作,产品测试"
教育培训-教师-小学教师,"小学教学,作业辅导,课程多样性,家长沟通,学科教研"
销售-金融销售-信用卡销售,"销售,信用卡推广,客户管理,营销活动策划,团队建设"
生产制造-技工/普工-缝纫工,"缝纫技术,服装制作,车缝操作,针车机操作,服装流水线"
销售-销售管理-区域总监,"销售管理,区域拓展,团队领导,客户关系,营销策略"
设计-高端设计职位-设计总监,"创意设计,项目管理,团队领导,品牌策略,市场洞察"
销售-销售行政/商务-销售助理,"销售助理,客户关系管理,销售数据统计,合同审批,订单处理"
销售-服务业销售-珠宝销售,"销售技巧,顾客服务,珠宝知识,货品管理,营销推广"
服务业-安保/家政/维修-消防中控员,"消防监控,设备操作,安全管理,值班记录,应急响应"
市场-市场/营销-商务渠道,"销售渠道,客户关系维护,市场推广,渠道资源拓展,销售策略制定"
旅游-旅游产品开发/策划-旅游策划师,"旅游产品设计,市场分析,创意策划,项目管理,客户沟通"
咨询/翻译/法律-律师-法务,"咨询服务,法律专业知识,案件分析,客户沟通,合同审查"
技术-运维/技术支持-运维工程师,运维/技术支持-运维工程师
咨询/翻译/法律-翻译-韩语/朝鲜语翻译,"翻译技能,语言专业,韩语/朝鲜语,精准传达,文化理解"
技术-硬件开发-PCB工艺,"PCB设计,硬件开发,元器件选型,Layout工作,电路板故障维修"
人力/财务/行政-财务-出纳,"现金处理,财务报表,银行对账,发票管理,资金监控"
旅游-旅游服务-签证专员,签证服务、客户沟通、资料整理、申请协助、护照管理。
运营-运营-微信运营,"社群管理,内容策划,客户服务,营销推广,私域运营"
运营-运营-视频运营,"视频素材剪辑,抖音平台运营,新媒体推广,内容策划,品牌宣传"
技术-硬件开发-单片机,"单片机开发,硬件设计,嵌入式系统,编程技能,电路分析"
生产制造-化工-涂料研发,"化工研发,水性涂料,技术项目执行,配方优化,研发管理"
传媒-影视媒体-化妆/造型/服装,"化妆/造型/服装设计,客户服务,摄影配合,形象管理,销售技能"
运营-客服-咨询热线/呼叫中心客服,"客户服务,问题解决,呼叫中心操作,情绪管理,多任务处理"
生产制造-化工-化工工程师,"生产工艺,化工材料,工程设计,安全标准,数据分析"
医疗健康-护士/护理-导医,"接待患者,健康咨询,导诊服务,患者管理,医疗知识"
技术-运维/技术支持-DBA,"数据库管理,系统维护,性能优化,故障处理,SQL查询"
金融-证券/基金/期货-卖方分析师,"金融分析,市场研究,投资建议,报告编写,客户服务"
金融-投融资-投资经理,"投资分析,风险评估,资产配置,市场研究,业绩管理"
生产制造-生产营运-生产文员,"生产管理,文档处理,数据录入,营运协调,生产计划"
金融-投融资-投资总监/VP,"投资决策,风险管理,资本运作,市场分析,领导团队"
运营-运营-天猫运营,"天猫运营,营销推广,数据分析,活动策划,店铺管理"
技术-项目管理-项目专员,"项目管理,技术支持,团队协作,项目跟踪,质量保证"
教育培训-特长培训-跆拳道教练,"跆拳道教学,学员训练,课程规划,家长沟通,招生销售"
技术-后端开发-全栈工程师,"全栈开发,前后端技术,项目管理,技术问题解决,业务需求分析"
医疗健康-医生/医技-皮肤科医生,"皮肤问题诊断,激光美容治疗,注射操作技术,患者沟通管理,医疗质量控制"
技术-电子/半导体-IC验证工程师,"芯片设计,电路测试,验证流程,半导体技术,高精度分析"
服务业-餐饮-蛋糕/裱花师,"烘焙技能,蛋糕裱花,产品质量控制,现场制作,卫生管理"
传媒-采编/写作/出版-出版发行,"出版发行,市场营销,内容策划,渠道管理,新媒体运营"
采购/贸易-采购-招标专员,"招标文件编制,投标文件审核,工程项目招标,合同谈判管理,采购流程策划,招标资料管理,项目风险控制."
医疗健康-生物制药-药品生产,"药品生产,质量管理,细胞制备,生产计划,设备维护"
服务业-美容保健-按摩师,"按摩服务,客户服务,养生建议,SPA技术,足疗按摩"
销售-销售行政/商务-商务经理,"销售策略,客户关系,商务谈判,销售计划,市场分析"
设计-视觉/交互设计-包装设计,"设计创意,包装结构设计,材料选择与控制,创意插画,品牌视觉系统"
医疗健康-临床试验-临床项目经理,"临床试验管理,项目质量控制,团队协调沟通,患者招募,临床监查"
房地产/建筑-建筑/规划设计-建筑机电工程师,"建筑机电设计,施工图纸审核,机电工程管理,技术支持与质量控制,项目协调与管理"
生产制造-机械设计/制造-冲压工程师,"机械设计,冲压工艺,产品开发,生产优化,精密制造"
技术-硬件开发-电路设计,"电路设计,硬件开发,技术创新,电子工程,项目管理"
服务业-酒店-酒店经理,"服务管理,客户满意度,团队领导,酒店运营,收益优化"
人力/财务/行政-人力资源-招聘,"招聘管理,人才筛选,面试流程,招聘计划,候选人管理"
技术-数据-ETL工程师,"ETL开发,数据清洗,数据集成,数据库管理,数据迁移"
设计-视觉/交互设计-原画师,"游戏原画设计,角色设计,概念创作,场景规划,美术风格把握"
生产制造-技工/普工-模具工,"生产制造,模具制作,精密操作,模具调试,产品质量"
产品-高端产品职位-高级产品管理岗,"产品开发,市场洞察,团队领导,产品策略,用户体验"
采购/贸易-采购-采购工程师,"采购流程优化,供应商管理,成本控制,物料采购,采购策略制定"
技术-运维/技术支持-系统管理员,维护、系统安装、技术支持、网络安全以及用户故障排查。
生产制造-机械设计/制造-机械工程师,"机械设计,产品结构开发,技术问题解决,非标设备设计,BOM编制"
采购/贸易-进出口贸易-贸易跟单,"贸易跟单,客户沟通,订单处理,产品跟进,报关资料管理"
医疗健康-生物制药-医药研发,"医药研发,实验设计,生物技术,临床试验,知识产权保护"
销售-销售管理-销售总监,"销售策略,团队管理,市场开发,客户关系维护"
市场-市场/营销-选址开发,"市场分析,商业选址,市场拓展,地理位置研究,投资回报评估"
医疗健康-医疗器械-医疗器械研发,"研发项目管理,产品设计优化,技术文件编写,临床应用支持,技术问题解决"
服务业-美容保健-足疗师,"足疗服务,按摩技艺,服务标准维护,客户沟通技巧,养生知识与实践"
生产制造-技工/普工-铣工,"生产制造,手工技艺,铣削加工,设备操作,精度控制"
供应链/物流-交通/运输-货运司机,"货运驾驶,路线规划,货物装卸,安全行车,时间管理"
咨询/翻译/法律-翻译-俄语翻译,"俄语熟练,翻译技能,法律文件,咨询服务,语言文化"
服务业-餐饮-前厅经理/领班,"餐饮管理,客户服务,团队领导,营运管理,服务培训"
生产制造-服装/纺织/皮革-服装/纺织/皮革跟单,"跟单协调,服装制作,面料管理,客户沟通,质量控制"
医疗健康-医生/医技-整形医生,"整形手术,皮肤美容,微整形操作,客户服务,医疗美容咨询."
销售-房地产销售/招商-置业顾问,"房地产销售,客户沟通,市场分析,销售策略,置业咨询"
人力/财务/行政-财务-建筑/工程会计,"建筑/工程会计,税务申报,财务报表,应收应付账款管理,成本控制"
销售-医疗销售-医美咨询,"销售技巧,医美产品知识,客户沟通,市场洞察,业绩达成"
运营-客服-客服专员,"客服服务,电话沟通,会员运营,问题处理,顾客满意度"
生产制造-技工/普工-切割工,"生产制造,切割技术,工件处理,设备操控,精度保证"
教育培训-教师-数学教师,"教学设计,数学专业知识,学生辅导,课堂管理,课程创新"
技术-运维/技术支持-系统工程师,"系统工程师,技术支持,智能驾驶需求分析,系统维护,Linux内核开发."
教育培训-特长培训-少儿编程老师,"少儿编程,教学管理,课程设计,家长沟通,赛事指导"
教育培训-教师-家教,"教学设计,个性化辅导,学生沟通,教学方法,知识传授"
教育培训-教师-化学教师,"化学教学,教学计划,学生辅导,教案编写,教学创新"
市场-政府事务-社工,"社区服务,项目管理,社会工作,文档编辑,团队协作"
生产制造-汽车制造-汽车零部件设计,"汽车设计,零部件开发,制造工艺,图纸审阅,创新能力"
服务业-餐饮-水台,"服务员接待,茶饮制作,海鲜处理,水台清洁,餐厅运营"
生产制造-质量安全-体系工程师,"质量管理体系,体系维护与改进,内审与培训,文件管理与审核,产品认证管理"
服务业-美容保健-美甲师,"美甲设计,客户服务,手部护理,艺术美感,卫生标准"
技术-高端技术职位-架构师,"系统设计,技术领导,架构规划,性能优化,高级编程"
生产制造-机械设计/制造-CNC/数控,"CNC编程,机床操作,调机优化,自动化编程,设备维护"
生产制造-环保-环境检测员,"环境监测,环保标准,数据分析,现场检测,质量控制"
高级管理-高级管理职位-联合创始人,"决策制定,团队领导,战略规划,业务扩张,创投对接"
销售-销售管理-销售经理,"销售策略,团队管理,业绩目标,客户关系,产品知识"
服务业-美容保健-发型师,"发型设计,剪发技术,烫发染发,店铺运营管理,顾客服务"
服务业-餐饮-咖啡师,"咖啡制作,顾客服务,门店清洁,饮品制作,团队合作"
供应链/物流-物流-物流专员,"物流管理,货物跟踪,库存控制,运输协调,数据分析"
销售-金融销售-理财顾问,"理财规划,客户关系维护,金融产品销售,投资咨询服务,资产配置方案"
运营-运营-产品运营,"产品管理,运营优化,用户分析,市场策略,数据驱动"
市场-政府事务-政府关系,"政府关系维护,政策研究分析,项目申报与管理,危机公关处理,政府与企业协调"
市场-公关媒介-活动策划执行,"活动策划,媒介协调,市场推广,创意设计,执行管理"
服务业-餐饮-中餐厨师,"中餐烹饪,菜品创新,质量控制,后厨管理,炒锅技能"
