first_second,job_keywords,merge_keywords,translate_keywords
产品-产品经理,"游戏策划,系统设计,玩法优化,团队协调,数值平衡,产品设计,需求分析,项目管理,市场调研,团队协作,产品规划,需求分析,市场调研,项目管理,迭代优化,数据分析,产品规划,用户研究,技术集成,创新驱动,电商产品管理,市场调研,产品规划,新品开发,用户需求分析,AI产品规划,需求分析,产品管理,市场分析,AI技术应用,产品开发,市场分析,产品管理,销售与推广,客户服务,硬件产品开发,产品规划,市场调研,硬件设计,项目管理","游戏策划,系统设计,玩法优化,团队协调,数据分析,产品规划,市场调研,用户研究","['game design and planning', 'system design', 'gameplay optimization', 'team coordination', 'data analysis', 'product planning', 'market research', 'user research']"
产品-高端产品职位,"产品开发,市场洞察,团队领导,产品策略,用户体验","产品开发,市场洞察,团队领导,产品策略,用户体验","['product development', 'market insight', 'team leader', 'product strategy', 'user experience']"
人力/财务/行政-人力资源,"人力资源规划,培训规划,课程开发,企业文化建设,人力资源管理,需求调研,招聘管理,员工关系,薪酬福利,招聘流程,法规遵循,企业文化建设,文化活动策划,员工关系管理,公关宣传,文化传播推广,招聘管理,员工关系,薪酬福利,组织发展,劳动法规,人力资源管理,招聘与配置,绩效评估与优化,团队与文化建设,业务合作支持,员工关系管理,招聘流程,培训发展,组织文化,劳动法规,组织发展,人才管理,培训规划,绩效评估,系统建设,薪酬核算, 绩效考核, 数据分析, 制度设计, 体系优化,招聘管理,人才筛选,面试流程,招聘计划,候选人管理","人力资源规划,培训规划,课程开发,企业文化建设,招聘管理,薪酬福利,绩效评估,组织发展","['human resource planning', 'current training planning', 'course development', 'corporate culture construction', 'management recruitment', 'salary and benefits', 'performance appraisal', 'organizational development']"
人力/财务/行政-法务,"法务管理,合同审核,风险控制,合规检查,纠纷处理,法律专业知识,案件处理,合同审核,权益维护,法律咨询,法律咨询, 客户关系管理, 合同管理, 案件跟进, 法务服务,合同管理,法律咨询,法务审核,法律文档处理,知识产权保护","法务管理,合同审核,风险控制,纠纷处理,法律专业知识,案件处理,合同管理,法务服务","['Legal Affairs Management', 'contract review', 'risk control', 'dispute resolution', 'legal professional knowledge', 'case handling', 'contract management', 'legal services']"
人力/财务/行政-行政,"行政管理,人事招聘,文档整理,采购管理,客户服务,行政管理,客户服务,项目协调,文档管理,人员培训,文件管理,行政支持,数据录入,文书工作,会议安排,前台接待,客户服务,行政管理,办公环境维护,信息登记,管理能力,组织协调,行政决策,人事资源,政策执行,行政管理,后勤服务,物资保管,客户沟通,文档管理,人力资源管理,行政事务协调,团队领导,办公流程优化,预算控制","行政管理,人事招聘,采购管理,项目协调,数据录入,客户服务,后勤服务,文档管理","['administration', 'human resources recruitment', 'Procurement Management', 'project coordination', 'Data entry', 'customer service', 'logistics services', 'document management']"
人力/财务/行政-财务,"审计流程,财务分析,风险评估,合规检查,报告编制,税务规划,财务分析,税务申报,法规遵从,成本控制,财务管理,预算控制,财务报告,资金运营,团队领导,统计数据分析, 财务报表制作, 库存管理, 数据录入, ERP系统操作,成本核算, 财务管理, 预算控制, 成本分析, 成本会计报告,供应链管理,财务分析,预算管理,成本控制,数据分析,财务报表等。,会计师事务所等）的良好关系。,税务管理、财务报告、团队建设与领导,总账会计,财务报表,纳税申报,会计核算,成本控制,结算会计,财务管理,数据分析,应收应付款处理,发票管理,税务处理,外勤服务,财务报表,税务审计,会计法规,现金处理,财务报表,银行对账,发票管理,资金监控,建筑/工程会计,税务申报,财务报表编制,成本核算,账务管理","审计流程,财务分析,风险评估,合规检查,报告编制,税务规划,资金运营","['现在审计流程: ""audit process at present""', 'financial analysis', 'risk assessment', 'compliance inspection', 'report preparation', 'tax planning', 'capital operation']"
传媒-影视媒体,"艺人招募, 直播运营, 达人管理, 商业谈判, 娱乐内容制作,创意发想,项目管理,影视制作,预算控制,团队协调,艺人行程管理, 社交媒体运营, 视频编辑制作, 客户沟通协调, 选角选拔工作,编写与创意策划。,儿童教育,影视制作,表演艺术,情感引导,观众互动,特效制作,后期剪辑,三维动画设计,Houdini软件应用,视觉设计与制作,剪辑技术,视觉创意,故事叙述,后期制作,媒体软件,直播中控, 产品管理, 气氛营造, 粉丝互动, 数据监控,活动主持, 直播技巧, 情感音乐内容, 剧本杀游戏主持, 直播互动,传媒,直播技术,节目制作,观众互动,表达能力,灯光设计,影视拍摄,视觉效果,设备操控,现场调控,编导、脚本撰写、拍摄与后期制作以及数据分析优化。,剧本杀主持, 客户服务, 角色扮演, 游戏管理, 体验优化,后期制作,视频剪辑,特效合成,创意策划,素材管理,摄影/摄像, 视频剪辑, 短视频制作, 脚本策划, 商业广告项目,创意构思,影视剧本,市场分析,媒体合作,项目管理,游戏直播,粉丝互动,直播推广,游戏技能展示,互动交流,带货主播,直播销售,产品展示,粉丝互动,带货技巧,录音混音技术支持,音效设计与制作,声音录制与处理,现场扩声技术操作,演出音响调试维护,视频剪辑,创意设计,后期制作,音效同步,视觉效果,直播, 化妆技巧, 角色扮演, 短视频拍摄, 模特展示,化妆/造型/服装设计,客户服务,摄影配合,形象管理,销售技能","影视制作,艺人招募,直播运营,商业谈判","['film and television production', 'talent recruitment', 'live streaming operation', 'business negotiation']"
传媒-采编/写作/出版,"新闻采集,内容创作,报道撰写,版面编排,采访技巧,原创文学创作, 微信公众号推文, 剧本杀创作, 短视频文案撰写, 娱乐类文章撰写,校对录入,档案数字化,数据录入与核对,教辅图书编辑,客户信息整理,内容策划,文字编辑,版面设计,团队协作,媒体规范,印刷排版设计,图文快印服务,书籍装帧设计,平面设计制作,设备操作维护,出版发行,市场营销,内容策划,渠道管理,质量控制","新闻采集,内容创作,报道撰写,采访技巧,微信公众号推文,原创文学创作,剧本杀创作,短视频文案撰写","['news gathering', 'content creation', 'news writing', 'interview skills', 'WeChat public account article', 'novel creation', 'creating script for murder mystery roleplaying', '短视频文案撰写: ""Short video scriptwriting""']"
供应链/物流-交通/运输,"配送服务,商品配送,送餐服务,骑手服务,货物装卸,网约车驾驶,客户服务,接单运营,订单完成,车辆管理,代驾服务,驾驶技能,客户服务,车辆管理,夜间工作,驾驶技能,路线规划,客户服务,安全意识,时刻表管理,快递派送,客户服务,路线规划,时间管理,包裹处理,飞行、飞行计划制定、飞行数据分析、航线勘察、飞行安全保障。,驾校教练,驾驶教学,学员管理,实操培训,科目二科目三,运输成本控制,物流调度管理,承运商管理,运输业务运营,物流网络优化,货运驾驶,路线规划,货物装载,安全法规,长途驾驶","配送服务,商品配送,送餐服务,车辆管理,客户服务,路线规划","['distribution service', 'product delivery', 'current food delivery service', 'vehicle management', 'customer service', 'route planning']"
供应链/物流-仓储,"仓储管理,库存控制,物流配送,团队协调,系统操作,仓库管理,库存控制,货物分拣,货物出入,仓储系统,仓库管理, 数据录入, 订单处理, 库存控制, 办公室行政,仓储管理,货物分拣,发货效率,库存控制,物流协调","仓储管理,库存控制,物流配送,团队协调,系统操作,货物分拣","['warehouse management', 'inventory control', 'logistics distribution', 'team coordination', 'variety improvement', 'product sorting']"
供应链/物流-物流,"供应链管理,采购流程,成本控制,供应商管理,团队领导,配送站运营指标,调度管理,货物跟踪,承运商协调,路线优化,成本控制,国际物流,客户关系管理,销售策略,供应链管理,航线运营,物流管理,项目协调,仓储优化,运输调度,成本控制,物流运营,团队管理,数据分析,客户服务,操作监控,配送流程管理,物流协调,货物运输,客户服务,代理协议,供应链优化,水/空/陆运操作,单证处理,报关经验,货物跟踪,物流管理。,物流跟单,订单管理,客户沟通,货运安排,货物追踪,供应链管理,客户关系维护,物流流程优化,成本控制,团队管理,物流管理,货物跟踪,仓储协调,订单处理,客户服务","供应链管理,采购流程,成本控制,客户关系管理","['Supply Chain Management', 'purchasing process', 'cost control', 'customer relationship management']"
供应链/物流-高端供应链职位,"战略规划,供应链优化,团队管理,高端业务对接,风险控制","战略规划,供应链优化,团队管理,高端业务对接,风险控制","['strategic planning', 'Supply Chain Optimization', 'team management', 'high-end business matching', 'risk control']"
其他-其他职位类别,"其他职位,综合能力,项目管理,团队合作,策略规划","其他职位,综合能力,项目管理,团队合作,策略规划","['other positions', 'comprehensive ability', 'Project Management', 'teamwork', 'strategic planning']"
农/林/牧/渔-农业/林业,"农作物栽培,土壤管理,植物保护,林业管理,数据记录","农作物栽培,土壤管理,植物保护,林业管理,数据记录","['crop cultivation', 'soil management', 'plant protection', 'silviculture management', 'data recording']"
农/林/牧/渔-畜牧/渔业,"品种改良, 养殖技术, 水质监控, 疫病防治, 市场调研,农/林/牧/渔-畜牧/渔业-畜牧兽医,养殖技术服务,动物疾病诊断治疗,免疫保健管理,疫病预防与控制,养殖管理,动物饲养,生物安全,畜牧技术,日常护理","品种改良, 养殖技术, 水质监控, 疫病防治, 市场调研, 免疫保健管理, 养殖管理, 生物安全","['Breed Improvement', 'breeding techniques', 'water quality monitoring', 'disease prevention and control', 'market research', 'immune health management', 'poultry management', '生物安全']"
医疗健康-临床试验,"临床试验,医学研究,数据分析,项目管理,病人沟通,临床试验,患者管理,数据收集,协调沟通,药品监管,临床试验监查, 质量控制, 管理协调, 法规遵循, 文档审核,临床试验管理,项目质量控制,团队协调沟通,患者招募,临床监查","临床试验,医学研究,数据分析,项目管理,病人沟通,患者管理,数据收集,临床试验","['clinical trials in the present', 'medical research', 'data analysis', 'Project Management', 'patient communication', 'patient management', 'data collection', 'clinical trials in the present']"
医疗健康-健康整形,"康复治疗,言语康复,运动康复,行为分析,中医理疗,营养咨询,健康评估,饮食规划,体重管理,疗程设计","康复治疗,言语康复,运动康复,行为分析,中医理疗,营养咨询","['rehab therapy', 'language rehabilitation', 'sports rehabilitation', 'behavioral analysis', 'Traditional Chinese Physical Therapy', 'nutritional consultation']"
医疗健康-其他医疗健康职位,"医学专业知识,编辑审校能力,医学出版,学术沟通,内容创作","医学专业知识,编辑审校能力,医学出版,学术沟通,内容创作","['medical professional knowledge', 'editing and proofreading ability', 'medical publishing', 'academic communication', 'content creation']"
医疗健康-医生/医技,"内科医生,病历管理,诊断治疗,患者沟通,医疗服务,医疗服务,临床诊断,病例管理,患者交流,急救技能,妇科疾病诊断, 医疗服务提供, 门诊管理, 患者沟通, 诊断与治疗方法,全科医疗,疾病诊断,患者治疗,病例管理,紧急情况处理,放射科医生,影像诊断,设备操作,医学影像,医疗服务,超声影像, 医学诊断, 设备操作, 客户沟通, 医学教育,外科手术, 病历管理, 诊断治疗, 医患沟通, 医疗质量控制,诊断、治疗、手术、病历管理、医疗质量控制,中医诊疗, 病历管理, 推拿按摩, 中医养生, 诊断处方,口腔种植, 牙科治疗, 诊断能力, 四手操作, 客户沟通,诊断视力,配镜技术,眼科知识,顾客咨询,视光服务,诊断分析,实验室技术,医疗报告,样本测试,结果解读,医务助理相关工作，包括证件变更办理、培训安排、会议记录、医疗物资管理与维护，以及信息系统操作和患者档案整理。,药物配制,药品管理,临床药学,患者指导,药物知识,儿童健康,预防接种,健康教育,日常诊疗,心理咨询,皮肤问题诊断,激光美容治疗,注射操作技术,患者沟通管理,医疗质量控制,医疗美容,整形手术,皮肤美容,医疗咨询,激光治疗","内科医生,诊断治疗,病例管理,妇科疾病诊断,紧急情况处理,放射科医生,口腔种植,医疗服务,诊断视力,医疗质量控制","['general practitioner', 'diagnosis and treatment', 'case management', 'gynecological disease diagnosis', 'emergency handling', 'radiologist', 'oral implantation', 'medical services', 'Vision Testing Now', 'medical quality control']"
医疗健康-医疗器械,"医疗器械注册,法规合规,产品认证,临床评价,质量管理,医疗器械生产,质量控制,生产流程管理,GMP标准,器械检测,生物技术,实验研发,试剂创新,实验操作,产品测试,研发项目管理,产品设计优化,技术文件编写,临床应用支持,技术问题解决","医疗器械注册,法规合规,产品认证,临床评价,质量管理,生产流程管理,技术文件编写,实验研发","['medical device registration', 'current compliance with regulations', 'product certification', 'current clinical evaluation.', 'quality management', 'production process management', 'technical document writing', 'experimental research and development']"
医疗健康-护士/护理,"医疗管理,团队领导,护理质量控制,临床护理指导,人员培训,护理服务, 口腔护理, 产妇及新生儿护理, 手术室护理, 医学操作技能,接待患者,健康咨询,导诊服务,基本护理知识,患者管理","护理管理,团队领导,临床护理,人员培训,患者接待,手术护理,护理指导,导诊服务","['nursing management', 'team leader', 'Clinical Nursing', 'employee training', 'patient reception', 'surgical nursing', 'nursing guidance', 'guiding service']"
医疗健康-生物制药,"医疗产品技术支持,临床研究咨询,技术问题解答,客户关系管理,技术培训和支持,药物合成研究,工艺优化,文献调研,合成路线设计,项目管理,生物制品研发,细胞培养技术,分子生物学实验,生物信息分析,蛋白质纯化技术,生物信息分析,基因序列处理,生物制药研究,数据管理,统计学方法,药品生产, 质量管理, 细胞制备, 生产计划, 设备维护,医药研发,实验设计,生物技术,临床试验,知识产权保护","医疗产品技术支持,临床研究咨询,药物合成研究,生物制品研发,项目管理,生物制药研究,细胞培养技术,数据管理","['medical product technical support', 'clinical research consultation', 'drug synthesis research', 'biological products research and development', 'Project Management', 'biopharmaceutical research', 'cell culture technology', 'data management']"
医疗健康-药店,"店员培训、药品质量控制、顾客服务以及营销计划执行。,药品管理, 质量监督, 销售服务, 药学咨询, 职业培训,医疗服务,药品销售,顾客服务,药品管理,健康管理","店员培训,药品质量控制,顾客服务,营销计划执行,药品管理,质量监督,销售服务,药学咨询","['store employee training', 'quality control of pharmaceuticals', 'customer service', 'marketing plan implementation', 'drug management', 'quality supervision', 'sales service', 'pharmaceutical consultation']"
咨询/翻译/法律-咨询/调研,"猎头服务, 客户关系管理, 岗位需求分析, 人才搜寻, 背景调查,专利撰写, 知识产权管理, 客户服务, 专利检索, 商标注册,人力资源咨询,组织发展,员工关系,薪酬策略,业务洞察,咨询/调研,项目管理,数据分析,市场研究,客户关系维护,数字化转型咨询、业务流程优化、IT治理等。,心理咨询,情绪支持,心理评估,咨询技巧,心理治疗,心理咨询,婚恋问题分析,沟通技巧,客户关系,婚恋市场了解,市场分析,调研设计,数据收集,报告编写,客户沟通,战略规划,市场研究,业务分析,咨询服务,战略执行,管理咨询,企业管理,项目管理,战略规划,法律咨询,咨询项目管理,报告编制,项目申报,业务沟通,市场研究","猎头服务, 客户关系管理, 岗位需求分析, 人才搜寻, 背景调查, 知识产权管理, 客户服务, 数据分析, 咨询/调研, 项目管理","['recruitment services', 'Customer Relationship Management', 'Job Requirement Analysis', 'talent search', 'background', 'intellectual property management', 'customer service', 'Data analysis', 'consultation/research', 'project management']"
咨询/翻译/法律-律师,"专利法律知识,案件分析处理,法律咨询服务,版权保护策略,专利申请指导,案件处理,法律咨询,合同审查,客户维护,法务研究,案件管理,法律文书撰写,客户服务,律所协调,诉讼支持,咨询服务,法律知识,案件处理,合同审阅,诉讼代理","专利法律知识,案件分析处理,法律咨询服务,版权保护策略,案件处理,客户维护,法律文书撰写,诉讼代理","['intellectual property law', 'case analysis and processing', 'legal consulting services', 'copyright protection strategy', 'case handling', 'customer maintenance', 'drafting legal documents', 'litigation agent']"
咨询/翻译/法律-翻译,"咨询/翻译/法律-翻译-日语翻译,英语翻译, 客户沟通, 文案处理, 行政管理, 业务培训,翻译校对,多语种沟通,本地化运营,资料管理,商务谈判,韩语/朝鲜语,语言翻译,法律文档,专业术语,口译沟通,俄语熟练,翻译技能,法律文件,咨询服务,语言文化","日语翻译,英语翻译,客户沟通,文案处理,翻译校对,多语种沟通","['improvement', 'Breed Improvement', 'customer communication', 'text processing', 'reed improvement', 'variety enhancement']"
市场-会务会展,"会展活动执行, 婚礼场地布置, 物料管理, 客户接待, 现场搭建,活动策划,会展设计,市场推广,项目管理,客户沟通,会务执行、客户沟通、项目管理、服务质量保障、突发事件处理。","会展活动执行, 婚礼场地布置, 物料管理, 客户接待, 现场搭建, 活动策划, 会展设计, 市场推广","['event execution in exhibition industry', 'wedding venue decoration', 'material management', 'customer reception', 'construction on-site', 'event planning', 'event design', 'marketing promotion']"
市场-公关媒介,"媒介关系,公关活动,品牌推广,媒介策略,市场分析,市场调研, 品牌策划, 公关传播, 新媒体运营, 客户关系维护,广告客户执行,项目管理,客户关系维护,营销方案策划,提案撰写,媒介拓展, 达人合作, 品牌推广, 数据分析, 新媒体运营,活动策划,媒介协调,市场推广,创意设计,执行管理","媒介关系,公关活动,品牌推广,媒介策略,市场分析,市场调研,项目管理,新媒体运营","['media relations', 'public relations activities', 'brand promotion', 'media strategy', 'market analysis', 'market research', 'Project Management', 'New Media Operations']"
市场-市场/营销,"市场分析,客户关系维护,销售策略,活动组织,市场拓展,商业数据分析,市场调研,策略分析,财务预算支持,数据管理,信息流广告优化, 数据分析, 营销策略执行, 广告素材创意, 成本控制,市场分析,营销策略,团队管理,业绩增长,市场推广,SEO优化,内容营销,关键词研究,搜索引擎分析,链接建设,游戏推广,玩家运营,在线推广,客户服务,网络互动,网络推广, 数据分析, 广告优化, 媒体运营, 客户关系管理,网络营销,客户沟通,产品推广,销售策略,在线服务,市场分析,国际市场,营销策略,品牌推广,多语言沟通,市场推广, 地推拉新, 客户关系, APP推广策略, 拉新用户,市场推广,客户关系管理,销售策略,市场调研,品牌建设,市场调研、品牌推广、活动策划、文案撰写。,市场分析,活动创意,营销策略,项目管理,团队协作,SEM竞价,数据分析,营销策略制定,客户服务沟通,效果监控优化,市场分析,营销策略,品牌推广,客户关系,广告创意,销售渠道,客户关系维护,市场推广,渠道资源拓展,销售策略制定,市场分析,商业选址,市场拓展,地理位置研究,投资回报评估","市场分析,销售策略,客户关系维护,广告优化,营销策略,数据分析","['market analysis', 'sales strategy', 'customer relationship maintenance', 'ad optimization', 'marketing strategy', 'data analysis']"
市场-广告,"市场分析,广告策划,项目管理,客户沟通,创意思维","市场分析,广告策划,项目管理,客户沟通,创意思维","['market analysis', 'Advertising Planning', 'Project Management', 'customer communication', 'Creative Thinking']"
市场-政府事务,"政府关系,项目管理,政策研究,申报文书,市场调研,市场推广,政府关系,党建活动,政策理解,外联协调,社区服务,项目管理,社会工作,文档编辑,团队协作,政府关系维护,政策研究分析,项目申报与管理,公共关系协调,危机应对策略","政府关系,项目管理,政策研究,市场调研,政府关系维护,市场推广,公共关系协调,党建活动","['government relations', 'Project Management', 'policy research', 'market research', 'government relations maintenance', 'market promotion', 'public relations coordination', 'current party building activities']"
市场-高端市场职位,"市场分析,品牌推广,高端市场,团队领导,绩效管理","市场分析,品牌推广,高端市场,团队领导,绩效管理","['market analysis', 'brand promotion', 'luxury market', 'team leader', 'performance management']"
房地产/建筑-工程管理,"工程造价,成本控制,工程预算,施工管理,建筑工程,建筑材料管理,供应商协调,材料验收,订单处理,质量控制,施工管理,质量控制,技术指导,项目协调,安全生产监管,土木工程管理,现场施工监督,项目计划与执行,质量安全控制,建筑法规与标准,测量技术,工程监督,地理信息系统,质量控制,项目管理,工程监理,质量监督,施工管理,合同执行,安全检查,工程资料管理,文档处理,资料归档,办公软件操作,资质申报,室内装修设计, 工程预算编制, 招投标管理, 成本控制, 投标报价,施工安全管理,安全教育培训,事故处理与预防","工程造价,成本控制,施工管理,建筑工程,供应商协调,质量控制,项目管理,工程预算","['engineering cost estimation', 'cost control', 'construction management', 'construction engineering', 'supplier coordination', 'quality control', 'Project Management', 'construction budget']"
房地产/建筑-建筑/规划设计,"建筑设计,方案优化,施工图绘制,项目管理,客户沟通,给排水设计,建筑规划,工程审核,管线施工,水质管理,消防安全管理, 设施维护保养, 检测评估, 系统监控, 安全风险控制,幕墙设计,建筑施工,结构分析,美观性能,安全标准,土木工程设计,结构设计管理,施工图纸编制,现场技术管理,技术协调与沟通,BIM技术,建筑信息模型,设计优化,项目协作,施工模拟,园林景观设计,植物养护与研究,现场测量与施工管理,设计方案制定,市政文旅项目规划,弱电工程, 智能化系统, 施工与维护, 技术支持与方案设计, 系统管理与质量控制,城乡规划设计, 土地资源管理, 市场调研分析, 项目管理执行, GIS与制图技术,设计优化,结构分析,施工管理,法规遵守,BIM技术,暖通设计, 工程管理, 系统维护, 节能优化, 项目协调,建筑机电设计, 施工图纸审核, 机电工程管理, 技术支持与质量控制, 项目协调与管理","建筑设计,方案优化,项目管理,客户沟通,消防安全管理,BIM技术,结构分析,工程审核","['architecture design', 'scheme optimization', 'Project Management', 'customer communication', 'fire safety management', 'Building Information Modeling', 'genetic analysis', 'project review']"
房地产/建筑-房地产规划开发,"房地产规划,市场分析,项目开发,营销推广,建筑设计,房地产项目管理,土地资源评估,政府关系协调,地产项目运营,项目前期报批,房地产规划,招投标管理,合同审批,标书制作,项目协调","房地产规划,市场分析,项目开发,营销推广,土地资源评估,项目管理,招投标管理,建筑设计","['Real Estate Planning', 'market analysis', 'project development', 'marketing promotion', 'land resource assessment', 'Project Management', 'tender management', 'architecture design']"
房地产/建筑-物业管理,"物业工程管理,设施设备维护,工程项目统筹,客户服务协调,节能降耗策略,物业服务,设施维护,安全管理,客户关系,行政协调,物业服务、安全保障、客户关系、团队培训、事件处理。,综合维修,设施设备管理,维修技能,技术咨询,设备运行监控,园林维护,环境美化,植物配置,设施管理,节能减排","物业工程管理,设施设备维护,工程项目统筹,客户服务协调,节能降耗策略,安全管理,客户关系,行政协调","['property engineering management', 'facility equipment maintenance', 'project management', 'customer service coordination', 'energy conservation and consumption reduction strategies', 'safety management', 'customer relationship', 'administrative coordination']"
房地产/建筑-装饰装修,"项目管理,装修设计,施工监督,成本控制,沟通协调,软装设计, 室内配饰, 材料选型, 项目管理, 设计沟通。","项目管理,装修设计,施工监督,成本控制,沟通协调,软装设计,材料选型","['Project Management', 'interior design renovation', 'site supervision', 'cost control', 'communication and coordination', 'interior soft decoration design', 'material selection']"
技术-人工智能,"数据挖掘,大数据分析,机器学习,模型优化,风控策略,深度学习, 算法研究, 人工智能, 大数据分析, 模型优化,图像处理,算法设计,机器学习,人工智能应用,计算视觉,人工智能,机器学习,算法开发,模型优化,深度学习,自动驾驶技术,算法开发,系统集成,感知能力,安全性分析,大模型算法,深度学习,模型训练,人工智能应用,算法优化,机器学习,数据分析,算法优化,推荐系统,Python编程,算法测试。,算法研发,自然语言处理,模型优化,语言理解,文本生成,算法设计, 机器学习, 模型优化, 视觉处理, 人工智能研究,深度学习,计算机视觉,算法开发,模型优化,技术研究","数据挖掘,大数据分析,机器学习,模型优化,算法研究,深度学习,人工智能应用,感知能力","['Data mining', 'big data analysis', 'machine learning', 'model optimization', 'research on algorithms', 'deep learning', 'application of artificial intelligence', '现在感知能力: present awareness']"
技术-其他技术职位,"编程能力,技术研发,项目管理,团队协作,客户沟通","编程能力,技术研发,项目管理,团队协作,客户沟通","['programming ability', 'Research and Development', 'Project Management', 'teamwork', 'customer communication']"
技术-前端/移动开发,"前端开发,Unity3D,移动平台,UI设计,性能优化,前端开发,Vue框架,JavaScript,H5开发,页面性能优化,前端开发,UE4引擎,移动应用,用户界面,游戏开发,前端开发,移动开发,技术美术,Unity游戏引擎,UI设计,Cocos开发, 游戏功能模块, 客户端性能优化, 技术研究与应用, SDK接入与维护,Android开发, 应用维护, 架构设计, 代码优化, 性能调优,iOS开发, 应用迭代, 框架设计, 性能优化, Swift/Obj-C语言","前端开发, Unity3D, 移动平台, UI设计, 性能优化, Vue框架","['front-end development', 'Unity3D', 'mobile platform', 'user interface design', 'performance optimization', 'Vue Framework']"
技术-后端开发,"GIS开发,三维地图制作,Web前端框架,数据分析处理,遥感影像应用,后端开发,C#,编程语言,服务端编程,API接口,后端开发,语音技术,视频处理,图形算法,性能优化,Java,后端开发,API设计,数据库管理,并发处理,技术研发,微服务架构,Go语言编程,系统优化,云原生技术,技术-后端开发-.NET, C#编程, WinForm开发, 数据库管理, 模块设计编码,后端开发,编程语言,系统设计,算法优化,项目管理,后端开发, Python编程, 数据处理, 数据库操作, 爬虫技术,后端开发, C/C++编程, 图像处理算法, 系统架构设计, 云数据库研究,后端开发, PHP语言, API接口开发, 网站及应用开发, 数据库及缓存技术应用,全栈开发, 前后端技术, 项目管理, 技术问题解决, 性能优化","GIS开发,三维地图制作,Web前端框架,数据分析处理,后端开发,C#,编程语言,数据库管理,API接口","['GIS development', '3D Map Creation', 'web front-end framework', 'data analysis and processing', 'Back-end development', 'C#', 'programming language', 'Database Management', 'now API interface']"
技术-数据,"数据仓库架构,数据模型设计,大数据开发,ETL处理,数据质量管理,数据架构设计,数据管理策略,系统集成,数据流程优化,大数据技术,大数据处理、数据模型设计、ETL开发与优化，以及数据质量和治理。,ETL开发,数据清洗,数据集成,数据库管理,数据迁移","数据仓库架构,数据模型设计,大数据开发,ETL处理,数据质量管理,系统集成,数据流程优化,数据集成","['Data warehouse architecture', 'data model design', 'Big data development', 'ETL Processing', 'data quality management', 'system integration', 'data flow optimization', 'Data Integration']"
技术-测试,"功能测试,软件测试,硬件测试,质量控制,产品测试,自动化测试框架，优化测试流程，提升测试覆盖率与效率。,自动化测试,性能测试,功能测试,测试工具开发,测试计划制定,性能测试, 功能测试, 自动化测试, 软硬件测试, 测试方案制定,软件测试,缺陷管理,自动化测试,测试用例编写,性能测试,游戏测试,自动化测试,性能测试,缺陷管理,Bug修复,硬件测试, 测试用例设计, 数据分析与报告, 自动化测试, 质量控制,渗透测试,安全漏洞,网络防护,代码审计,攻击模拟,自动化测试,测试脚本编写,性能测试,自动化测试框架,缺陷管理","功能测试,软件测试,硬件测试,质量控制,优化测试流程,提升测试覆盖率与效率,自动化测试,性能测试","['functional testing', 'software testing', 'hardware testing', 'quality control', 'optimize testing process', 'enhance test coverage and efficiency', 'Automated Testing', 'performance testing']"
技术-电子/半导体,"电子技术,电路设计,半导体知识,电气分析,工程项目管理,集成电路设计, 数字IC设计, 模拟IC设计, 版图设计, 高端智能芯片开发,电气设计, 系统工程设计, 自动化控制, PLC编程, 项目管理协调,电子维修技术,SMT设备编程,不良品维修记录,蓝牙电子产品维修,售后技术支持,电子设计,电路分析,半导体技术,产品测试,硬件开发,电子技术支持,客户需求分析,产品推广与培训,技术文档编写,MCU单片机技术支持,芯片设计,电路测试,验证流程,半导体技术,品质保证","电子技术,电路设计,半导体知识,工程项目管理,集成电路设计,PLC编程,售后技术支持,产品测试","['electronic technology', 'circuit design', 'semiconductor knowledge', 'project management', 'Integrated Circuit Design', 'PLC programming', 'after-sales technical support', 'product testing']"
技术-硬件开发,"FPGA开发, 逻辑设计, 信号处理, 硬件调试, 系统架构设计。,光学设计, 视觉检测, 半导体激光器, 光学系统调试, 成像设计与分析,自动化,电气设计,PLC编程,机器人应用,电气维修,硬件开发,驱动编程,系统集成,性能优化,创新设计,硬件设计,电路调试,技术文档编写,项目管理,产品开发,嵌入式系统,硬件设计,编程技能,产品研发,电路分析,射频开发, 电路设计, 技术调试, 产品测试, 天线设计,硬件设计,系统集成,项目管理,技术方案,供应链管理,DSP软件开发, 控制系统设计, 嵌入式编程, 系统仿真, 算法优化,PCB设计,硬件开发,元器件选型,Layout工作,电路原理图,单片机开发,硬件设计,嵌入式系统,编程技能,电路分析,电路设计,硬件开发,技术创新,电子工程,项目管理","FPGA开发, 逻辑设计, 信号处理, 硬件调试, 系统架构设计, 成像设计与分析, 自动化, 电气设计","['FPGA development', 'Logic Design', 'Signal Processing', 'hardware debugging', 'system architecture design', 'imaging design and analysis', 'automation', 'electrical design']"
技术-运维/技术支持,"网络维护,故障排除,网络安全,系统升级,设备配置,IT技术支持,故障排除,系统维护,网络管理,客户沟通,网络安全, 安全设备维护, 风险漏洞管理, 安全管理制度, 技术支持服务,PHP编程, 数据库操作, 自动化工具开发, CI/CD平台搭建, 架构设计,运维/技术支持-运维工程师,数据库管理,系统维护,性能优化,故障处理,SQL查询,维护、系统安装、技术支持、网络安全以及用户故障排查。,系统工程师, 技术支持, 智能驾驶需求分析, 系统维护, Linux内核开发.","网络维护,故障排除,网络安全,系统升级,设备配置,IT技术支持,系统维护,客户沟通","['maintenance', 'troubleshooting', 'cybersecurity', 'System Upgrade Now', 'configuration of equipment', 'IT Technical Support', 'system maintenance', 'customer communication']"
技术-通信,"通信技术,网络设备,信号处理,系统维护,软件开发,无线通信技术研究与应用，协议栈开发和维护","通信技术,网络设备,信号处理,系统维护,软件开发,无线通信,协议栈开发","['Current communication technology', 'networking equipment', 'signal processing', 'system maintenance', 'software development', 'wireless communication', 'protocol stack development']"
技术-销售技术支持,"售前沟通,技术方案,客户支持,产品知识,问题解决,售后技术支持,客户沟通管理,产品维修更换,设备安装调试,技术指导培训","售前沟通,技术方案,客户支持,产品知识,问题解决,售后技术支持,客户沟通管理,设备安装调试","['sales communication', 'current technical proposal', 'customer support', 'product knowledge', 'Breeding enhancement', 'after-sales technical support', 'customer communication management', 'equipment installation and debugging']"
技术-项目管理,"项目管理,文档编写,数据统计分析,沟通协调,客户维护,项目管理,技术方案制定,成本控制,团队领导,客户关系维护,需求分析,项目管理,技术专长,沟通协调,解决方案设计,技术实施,项目管理,客户支持,系统培训,软硬件运维,实施顾问,项目管理,MES系统实施,ERP系统实施,需求分析,项目管理,技术支持,团队协作,项目跟踪,质量保证","项目管理,文档编写,数据统计分析,成本控制,团队领导,客户维护,解决方案设计","['Project Management', 'document preparation', 'Data Statistics Analysis', 'cost control', 'team leader', 'customer maintenance', 'design of solutions']"
技术-高端技术职位,"技术研发,团队管理,项目管理,产品规划,开发指导,技术管理,研发团队领导,产品规划与设计,高端技术规划,技术难题攻关,技术研发,团队领导,项目管理,创新决策,软件架构,系统设计,技术领导,架构规划,性能优化,高级编程","技术研发,团队管理,项目管理,产品规划,研发团队领导,技术难题攻关,系统设计,技术领导","['R&D (Research and Development)', 'team management', 'Project Management', 'product planning', 'research and development team leader', 'Technical Challenge Overcoming Now', 'system design', 'Technical Leadership']"
教育培训-教师,"文科教学,个性化教学,课程研发,教学评估,教研活动,教学辅助,学生管理,课程开发,家长沟通,多科目教学,职业规划指导,就业技能培训,学生咨询服务,讲座组织协调,课程开发设计,教育培训,英语教学,课程设计,学生评估,教材编写,早教知识,儿童心理,教学方法,课程设计,亲和力强,教授高中地理, 教学计划制定, 地理课程教研, 学生学习效果跟进, 个性化教学策略,高中日语教学, 教研活动, 班级管理, 高考备考指导, 学生评估与反馈,教育培训,物理教学,学生辅导,教学管理,家长沟通,高中教学, 学科知识讲授, 教研活动参与, 个性化辅导, 在线教育经验,学生管理,课程辅导,安全监护,家长沟通,灵活安排,教育经验,教学方法,学科知识,学生指导,家长沟通,感统训练, 家长沟通, 教学活动, 课程设计, 感统课程教学,美术教育,创意指导,课程设计,学生评价,教学方法,教学管理,课程研发,学生辅导,家长沟通,班级管理,体育教学, 课程开发, 客户关系管理, 运动技能指导, 体适能训练,幼儿教育,班级管理,家长沟通,课程教学,亲子互动,理科知识,教学能力,课程设计,学生引导,科学实验,生物教学, 高中教育, 教研活动, 提分方案, 教学计划制定,语文教学, 教学计划, 教研活动, 课后辅导, 家长沟通,音乐教学, 钢琴教学, 声乐指导, 器乐教学, 教学研究,小学教学, 作业辅导, 课程多样性, 家长沟通, 学科教研,教学能力,数学专业知识,课程设计,学生评估,课堂管理,教学方法,个性化辅导,学科知识,家教服务,学生沟通,化学教学, 教学计划, 学生辅导, 教育研究, 教学创新","文科教学,个性化教学,课程研发,教学评估,教研活动,学生管理,多科目教学","['teaching of liberal arts', 'personalized teaching', 'course development', 'instructional assessment', 'educational research activities', 'student management', 'multidisciplinary teaching']"
教育培训-教育产品研发,"教育产品研发,课程设计,教学方案制定,教研工作,教学材料编写,内容创作,课程设计,教育理念,教材更新,文本审核","教育产品研发,课程设计,教学方案制定,教研工作,教学材料编写,内容创作,教材更新,文本审核","['education product development', 'course design', 'curriculum planning', 'teaching and research work', 'curriculum material development', 'content creation', 'textbook update', 'text review']"
教育培训-教育行政,"教务管理,课程协调,教学资源,教学质量,学生服务,教育培训,教学管理,课程规划,团队管理,客户服务,管理能力,教育规划,团队领导,行政事务,师资建设,班主任/辅导员,学生管理,家长沟通,课程规划,续费推广,教育管理,团队建设,家长沟通,教学监管,营销招生","教务管理,课程协调,教学资源,教学质量,学生服务,教育培训,管理能力,团队管理","['academic administration', 'course coordination', 'teaching resources', 'teaching quality', 'student services', 'education and training', 'management ability', 'team management']"
教育培训-特长培训,"教育培训,古筝演奏,教学方法,音乐理解,学生互动,乐高教学, 编程教学, 机器人教育, 课程研发, 学龄儿童教育。,足球教学,团队管理,技能训练,比赛指导,校园合作,篮球教学, 客户关系维护, 课程开发, 训练指导, 招生销售,轮滑技能,教学方法,安全指导,教练经验,儿童互动,钢琴教学,学生管理,音乐会准备,招生辅助,家长沟通,舞蹈教学,舞蹈编排,艺术表现,教育培训,学员指导,书法教学, 家长沟通, 课程设计, 教案准备, 硬笔教学,机器人编程教学, 乐高教学, 竞赛指导, 家长沟通, 课程设计与研发,健身指导, 课程教学, 会员服务, 教练技能, 训练计划制定,播音主持教学, 语言艺术, 学生指导, 课程研发, 口才培训,技术指导,教学方法,乒乓球技巧,训练规划,运动心理学,教育培训,吉他演奏,教学方法,音乐素养,学员互动,表演教学, 语言艺术, 课程规划与创新, 艺考指导, 艺术项目管理,搏击教学, 散打教学, 少儿培训, 武术套路, 家长沟通,跆拳道教学, 学员训练, 课程规划, 家长沟通, 招生销售,少儿编程, 教学管理, 课程设计, 家长沟通, 赛事指导","古筝演奏,乐高教学,编程教学,学生互动,机器人教育,课程研发","['zither performance', '""乐高教学"" can be translated to ""Lego instructional learning"" or simply ""Lego-based teaching"".', 'programming education', 'student interaction', 'robotics education in the present', 'course development']"
教育培训-职业培训,"培训设计,课程开发,团队协作,学习激励,行动导向","培训设计,课程开发,团队协作,学习激励,行动导向","['现在培训设计: Training Design Now', 'course development', 'teamwork', 'learning motivation', 'output: action-oriented']"
旅游-旅游产品开发/策划,"旅游产品设计,市场分析,产品推广,研学产品开发,客户关系管理,旅游产品设计,市场分析,创意策划,项目管理,客户沟通","旅游产品设计,市场分析,产品推广,研学产品开发,客户关系管理,创意策划,项目管理,客户沟通","['travel product design', 'market analysis', 'product promotion', 'Research and Development of Educational Products', 'customer relationship management', 'creative planning', 'Project Management', 'customer communication']"
旅游-旅游服务,"旅游线路设计, 客户服务, 行程管理, 旅游产品开发, 市场调研,客户服务,票务操作,旅游信息,业务处理,团队协作,旅游服务,导游讲解,客户沟通,景点规划,安全管理,旅游讲解,客户服务,展厅管理,接待流程,文化传播,签证服务、客户沟通、资料整理、申请协助、持续更新。","旅游线路设计, 客户服务, 行程管理, 旅游产品开发, 市场调研, 票务操作, 旅游信息, 业务处理","['tour route design', 'customer service', 'schedule management', 'travel product development', 'market research', 'ticketing operations', 'travel information', 'business processing']"
服务业-其他服务业职位,"网络维护,故障排除,客户服务,安全管理,技术支持","网络维护,故障排除,客户服务,安全管理,技术支持","['maintenance', 'troubleshooting', 'customer service', 'safety management', 'Technical Support']"
服务业-婚礼/花艺,"婚礼策划,客户沟通,现场协调,方案设计,细节执行,设计创意,花卉搭配,婚礼布置,顾客服务,花艺制作","婚礼策划,客户沟通,现场协调,方案设计,细节执行,设计创意,花卉搭配,婚礼布置","['wedding planning', 'customer communication', 'on-site coordination', 'scheme design', 'implementation details', 'design creativity', 'flower arrangement', 'wedding decoration']"
服务业-安保/家政/维修,"保洁管理,人员培训,客户沟通,卫生监督,手机维修, 硬件检测, 软件故障诊断, 客户服务, 3C产品维修,清洁卫生,客户服务,日常维护,安全意识,家具保养,产后康复指导,身体恢复训练,心理支持,母乳喂养咨询,家庭访问,保安管理,秩序维护,团队领导,安全检查,事件处理,家政服务,烹饪技能,婴幼儿照料,老年护理,家务管理,养老护理,生活照料,基础护理,心理护理,康复护理,巡逻监控,应急处理,安全检查,客户服务,形象维护,安检检查, 秩序维护, 安全检查设备, 行李扫描, 地铁站工作,月嫂服务,新生儿护理,产妇护理,制作月子餐,育儿知识指导,服务业-安保/家政/维修-育婴师,婴幼儿护理,教育与照料,家政服务,日常生活照顾,家电维修,故障诊断,维修技能,服务意识,零件更换,消防监控, 设备操作, 安全管理, 值班记录, 应急响应","保洁管理,人员培训,客户沟通,硬件检测,手机维修,保安管理","['cleaning management', 'employee training', 'customer communication', 'hardware inspection', 'mobile phone repair', 'security management']"
服务业-宠物服务,"宠物美容, 客户服务, 店内清洁, 宠物护理, 销售产品,诊断治疗,宠物护理,客户服务,兽医学知识,疫苗注射","宠物美容, 客户服务, 店内清洁, 宠物护理, 销售产品, 兽医学知识, 疫苗注射, 诊断治疗","['pet grooming', 'customer service', 'retail store cleaning', 'pet care', 'selling products', 'veterinary science knowledge', 'vaccine injection', 'diagnosis and treatment']"
服务业-汽车服务,"门店运营管理,客户服务,团队管理,4S店管理,售后服务管理,加油服务,客户服务,站内卫生,油品加注,设备操作,汽车维修, 日常保养, 故障诊断, 机电维修, 钣金作业,汽车改装,技术设计,安全标准,客户沟通,创新思维,汽车美容, 抛光打蜡, 太阳膜施工, 内饰清洗, 客户服务,二手车评估,车辆检测,收购管理,价格评估,市场分析,汽车服务,客户沟通,维修知识,服务流程,顾问咨询,洗车服务,汽车美容,客户服务,洗车工艺,内饰清洁,汽车查勘,损失评估,事故处理,理赔管理,客户沟通","门店运营管理,客户服务,团队管理,4S店管理,售后服务管理,设备操作,汽车维修,客户沟通","['retail operation management', 'customer service', 'team management', '4S shop management', 'after-sales service management', 'machine operation', 'automotive repair', 'customer communication']"
服务业-美容保健,"美容服务提供,团队管理,业绩目标达成,客户关系维护,日常经营管理,美容技能,顾客服务,美容产品知识,护理手法,形象设计,推拿技术, 理疗服务, 养生保健, 顾客沟通, 健康管理,美容保健,理疗技术,客户服务,治疗方案制定,疼痛缓解,化妆服务,儿童摄影,造型设计,妆容制作,顾客服务,采耳服务,顾客沟通,美容保健,技能熟练,卫生操作,养发护理,头皮护理,客户服务,产品推荐,技能培训,美容技能,客户服务,皮肤护理,身体保养,养生服务,美发助理, 烫染技术, 洗护服务, 客户接待, 学徒学习,美容技术,纹绣设计,客户服务,质量控制,新项目开发,美睫设计,顾客服务,美容技能,细节操作,卫生管理,按摩技艺,客户服务,SPA服务,芳香疗法,养生调理,足疗服务, 按摩技艺, 服务标准维护, 客户沟通技巧, 养生知识与实践,美甲设计,客户服务,手部护理,艺术美感,技术熟练,发型设计,剪发技术,烫发染发,店铺运营管理,顾客服务","美容服务提供,团队管理,业绩目标达成,客户关系维护,日常经营管理,美容技能,顾客服务,美容产品知识","['beauty service provision', 'team management', 'achievement of performance targets', 'customer relationship maintenance', 'daily business management', 'cosmetic skills', 'customer service', 'beauty product knowledge']"
服务业-运动健身,"救生技能,健身指导,安全监控,应急处理,游泳池管理","救生技能,健身指导,安全监控,应急处理","['rescue skills', 'fitness instruction', 'safety monitoring', 'emergency handling']"
服务业-酒店,"礼仪接待,客户服务,门迎服务,餐饮服务,礼宾服务,客房管理, 服务质量监督, 培训与发展, 员工调度与考勤, 物资与布草管理,前台操作系统、客户服务、账务处理、订单管理、客房预订
,客房清洁, 客房服务, 清洁工具维护, 客人需求响应, 布草处理,服务管理,客户关系,前厅运营,员工培训,业务协调,民宿运营,客户服务,房间管理,预订安排,日常维护,服务管理,客户满意度,团队领导,酒店运营,收益优化","客户服务,门迎服务,客房管理,物资管理,培训发展,前台操作,酒店运营","['customer service', 'front desk service', 'room management', 'material management', 'training and development', 'front desk operation', 'hotel operations management']"
服务业-零售,"督导/巡店,销售管理,培训与招聘,客户服务,业绩提升,商场管理,顾客服务,销售策略,商品陈列,店铺运营,接待顾客, 商品销售, 促销活动, 新客户开发, 客户服务,运营管理、销售目标达成、团队建设与员工培训,检、估价、回收、销售及顾客咨询处理；负责日常账目核对，维护产品陈列和店面秩序。,商品销售,客户服务,货品管理,促销活动,店铺运营,服务管理,销售策略,团队领导,顾客关系,商店运营,服务意识,安全巡逻,防损策略,监控系统操作,紧急事件处理,店内清洁,客户服务,商品销售,店面整理,收银操作,理货,商品管理,顾客服务,仓库整理,补货上架","督导/巡店,销售管理,培训与招聘,销售策略,商品陈列,接待顾客,销售目标达成,团队建设与员工培训","['on-site supervision/inspection', 'sales management', 'current training and recruitment', 'sales strategy', 'display of goods', 'customer service', 'achievement of sales targets', 'team building and employee training']"
服务业-餐饮,"炸串制作, 食材切配, 餐具卫生管理, 后厨通岗能力, 熟制菜品烹饪,配菜准备,厨房协作,食材处理,效率高,卫生标准,烹饪技巧,日式料理,食材处理,菜品创新,顾客服务,餐饮服务, 烹饪技术, 食材准备, 食品卫生, 学徒培训,西餐烹饪, 菜品制作, 食材处理, 质量控制, 厨房管理,生产管理,菜品研发,团队领导,食品安全,厨房运营,清洗餐具,保持卫生,耐劳能力,餐饮服务,快速工作,烘焙技术,面包制作,食品安全,服务意识,艺术创意,客户服务,团队管理,营业额提升,质量监督,餐厅运营,送餐服务, 快速配送, 客户互动, 路线规划, 外卖配送,凉菜制作, 厨房卫生, 食材采购, 质量控制, 厨房管理,鸡尾酒制作,顾客服务,酒品知识,创意调配,氛围营造,服务态度,餐饮服务,顾客满意,卫生保持,基本餐饮技能,烧烤制作,食材腌制,串肉工作,菜品创新,卫生清洁,接待顾客, 饮品制作, 店内卫生维护, 收银管理, 日常营运工作,收银管理,客户服务,财务核算,商品销售,日常清洁,茶艺服务,茶叶品质鉴别,客户服务,奶茶制作,茶文化推广,厨艺技能,川菜烹饪,海鲜料理,健康卫生管理,团队协作,餐饮管理,菜品研发,质量控制,成本管理,团队领导,面点制作, 烘焙技术, 手工技艺, 质量控制, 菜品制作,传菜服务, 区域卫生, 顾客接待, 日常运营, 服务员任务,团队管理,顾客服务,餐饮运营,库存管理,突发事件处理,烘焙技术,蛋糕裱花,产品质量控制,门店运营,西点制作,餐饮管理,客户服务,团队领导,营运管理,服务培训,服务员接待, 茶饮制作, 宰杀加工, 水台清洁, 食材切配,咖啡制作,顾客服务,门店清洁,饮品制作,团队合作,中餐烹饪, 菜品创新, 食材采购, 卫生管理, 团队协作","炸串制作, 食材切配, 后厨通岗能力, 烹饪技巧, 食品卫生, 菜品创新, 顾客服务, 质量控制","['currently deep-fried skewer making', 'ingredient cutting and preparation', 'multi-functional kitchen skills', 'cooking skills', 'food hygiene', 'dish innovation', 'customer service', 'quality control']"
生产制造-化工,"化妆品研发,配方优化,产品测试,市场调研,科学传播,食品研发,化工知识,安全标准,创新能力,味觉测试,化工产品质量检验, 实验室技术操作, 微生物检测, 理化性质分析, 技术文件管理,化工研发, 水性涂料, 技术项目执行, 配方优化, 研发管理,生产工艺,化工材料,工程设计,安全监管,环境控制","化妆品研发,配方优化,产品测试,市场调研,安全标准,化工知识,创新能力,技术项目执行","['cosmetic product development', 'recipe optimization', 'product testing', 'market research', 'safety standards', 'chemical industry knowledge', 'innovation capacity', 'project execution']"
生产制造-技工/普工,"生产制造,手工技艺,折弯加工,设备操作,质量控制,注塑操作, 设备调试, 工艺优化, 质量控制, 生产管理,空调安装,维修技能,系统维护,设备安全运行,安装调试,样衣制作, 工艺质量控制, 版型裁剪, 缝制技术, 团队沟通与协作,车床操作, 数控车床编程, 设备维护, 精密加工, 模具车加工,锅炉操作, 设备维护, 水处理, 安全监管, 日常巡检,组装技能,生产效率,质量检验,手动操作,装配精度,叉车操作,货物搬运,仓库管理,安全标准,维护保养,深孔钻操作, 摇臂钻床技能, 五金加工, 图纸解读, 质量管理,电力系统维护,电路安装,故障排查,安全规范遵守,电气设备检修,喷塑技术, 喷粉操作, 工艺流程维护, 设备操作维护, 质量控制与监控,抛光技术,不锈钢处理,五金加工,表面打磨,设备维护,钣金设计,激光切割,折弯工艺,加工设备操作,质量控制,磨工, 钣金打磨, 焊接件打磨, 数控外圆磨, 五金打磨,焊接技术,手工操作,金属加工,焊接安全,质量检验,木工技艺,生产制造,手工制作,家具制造,精细操作,弱电系统维护, 设备维修保养, 电气操作, 安全检查监督, 物业维修管理,钳工,机械装配,非标自动化,质量检验,装配调试,水电安装维修, 设备维护保养, 业主报修处理, 物业水电维护, 故障排查修复,机修技术,设备维护,故障排除,日常保养,安全管理,装卸搬运,货物管理,仓库操作,物流配送,质量控制,氩弧焊接,不锈钢焊接,标识牌焊接,焊接技术应用,设备操作和维护,切纸与敲纸, 广告物料安装, 设备操作与组装, 产品组装与检验, 艺术品制作与维护,包装操作,产品质量,生产效率,包装材料,物流协调,生产制造,手工技艺,设备操作,产品质量,生产效率,铆接加工,钢结构组装,图纸解读,焊接技术,生产质量控制,电梯维护,故障处理,日常保养,客户服务,维修保养,油漆作业, 喷漆技术, 漆面管理, 设备操作, 产品质量控制,缝纫技术,服装制作,车缝操作,针车机操作,服装流水线,生产制造,模具制作,精密操作,模具调试,产品质量,生产制造,手工技艺,铣削加工,设备操作,精度控制,生产制造,切割技术,工件处理,设备操控,精度保证","生产制造,手工技艺,折弯加工,设备操作,质量控制,注塑操作","['production manufacturing', 'handicraft skills', 'bending processing', 'machine operation', 'quality control', 'injection molding operation']"
生产制造-新能源,"新能源,电池工程师,电池工艺优化,动力电池PACK,BMS系统开发,新能源,线束设计,电气工程,生产工艺,品质管理,电机设计, 新能源技术, 控制系统开发, 电磁分析, 技术研发与优化","电池工艺优化,动力电池PACK,BMS系统开发,电气工程,品质管理,电机设计, 新能源技术,控制系统开发","['battery manufacturing process optimization', 'pack', 'BMS system development', 'electrical engineering', 'quality management', 'motor design', 'new energy technology', 'Control System Development']"
生产制造-服装/纺织/皮革,"面料采购成本控制,服装打版,样衣制作,版型调整,服装设计,工艺指导,跟单协调,服装制作,面料管理,客户沟通,质量控制","面料采购,成本控制,服装打版,样衣制作,版型调整,服装设计,工艺指导,跟单协调","['fabric procurement', 'cost control', 'pattern making for clothing', 'sample garment making', 'pattern adjustment', 'fashion design', 'process guidance', 'order tracking coordination']"
生产制造-机械设计/制造,"机械设计,结构创新,产品开发,技术支持,结构优化,焊接技术,激光加工,工艺研发,新产品开发,质量控制,材料工程,机械设计,制造工艺,材料选型,性能测试,生产效率管理,工业工程优化,精益生产推进,物流规划与改善,IE策略与标准制定,模具设计,机械制造,产品开发,制图软件,精密加工,机械设计,设备维护,制造工艺,工程创新,故障分析,机械设计,制图技能,精密制造,工程规范,CAD软件,热设计分析, 散热方案设计, 热仿真建模, 热系统设计与开发, 节能环保技术研究,机械设计,夹具设计,自动化设备,设备维护,工装管理,机械设计/制造,机电一体化设计,电气系统调试,自动化控制设计,维修保养技术,机械设计,注塑工艺,模具管理,生产异常处理,质量控制,设备维修,设备保养,故障排除,技术培训,7S管理,工艺优化、生产效率提升、新产品导入、工程文件编制、质量控制。,机械设计,冲压工艺,产品开发,生产优化,精密制造,机械设计, 产品结构开发, 技术问题解决, 非标设备设计, BOM编制,CNC操作, 编程调试, 模具加工, 设备维护, 数控机床","机械设计,产品开发,结构创新,技术支持,材料工程,激光加工,制造工艺","['machine design', 'product development', 'structure innovation', 'Technical Support', 'material engineering', 'laser processing', 'manufacturing process']"
生产制造-汽车制造,"汽车项目管理,项目质量控制,项目进度跟踪,需求管理,风险管理,汽车内外饰设计, 结构工程, 零部件研发, 造型分析, 数据设计与分析,智能座舱设计, 汽车内外饰设计, 模型手工造型, 3D/2D建模, 正向/逆向建模,汽车电子,系统集成,电路设计,故障分析,信号处理,汽车设计,零部件开发,制造工艺,图纸审阅,创新能力","项目管理,质量控制,进度跟踪,需求管理,风险管理,内外饰设计,结构工程,零部件研发","['Project Management', 'quality control', 'current progress tracking', 'demand management', 'risk management', 'interior and exterior design', 'structural engineering', 'parts development']"
生产制造-环保,"环保报告编制, 环评技术管理, 应急预案制定, 现场调研, 环保审批流程,环保法规遵从,环境风险评估,安全体系建设,废弃物处理,职业健康,环保工程师,废气处理,污水处理,环评编制,设备管理,环境监测,环保标准,数据分析,现场检测,质量控制","环保报告编制, 环评技术管理, 应急预案制定, 现场调研, 环保审批流程, 环保法规遵从, 环境风险评估, 安全体系建设","['environmental impact assessment report preparation', 'Environmental Impact Assessment Technical Management', 'emergency response plan development', 'on-site investigation', 'environmental permit process', 'environmental regulation compliance', 'environmental risk assessment', 'security system construction']"
生产制造-生产营运,"生产管理,质量控制,供应链管理,生产流程优化,成本控制,生产管理,团队领导,生产计划,质量监督,产能优化,自动化设备维护,生产设备管理,设备维护计划,工程技术支持,生产过程优化,生产制造,物料计划,生产调度,库存控制,项目管理,生产管理,人员培训,质量控制,生产调度,安全生产,生产制造,厂务系统维护,设备管理与维修,能源与环境控制,团队及项目管理,车间管理,生产调度,质量控制,人员培训,现场管理,生产管理,文档处理,数据录入,营运协调,生产计划","生产管理,质量控制,供应链管理,生产流程优化,成本控制,团队领导,自动化设备维护","['production management', 'quality control', 'Supply Chain Management', 'production process optimization', 'cost control', 'team leader', 'automated equipment maintenance']"
生产制造-能源/地质,"光伏系统设计,能源效率分析,系统维护与优化,地质条件评估,组件质量控制","光伏系统设计,能源效率分析,系统维护优化,地质评估,组件质量控制","['Design of Photovoltaic Systems', 'energy efficiency analysis', 'system maintenance and optimization', 'geological assessment', 'quality control of components']"
生产制造-质量安全,"质量控制, 产品检验, 供应商管理, 质量体系, 制程监控,生产制造,质量检验,安全管理,供应商管理,原料检验,产品认证,质量控制,安全标准,技术评审,证书获取,质量监控,安全规范,风险评估,生产巡检,应急处理,质量控制,汽车行业经验,安全标准,质量保证,检测测试,质量体系审核, 审核方案管理, 食品安全卫生审核, 产品质量检验, ISO体系审核,质量管理体系,体系维护与改进,内审与培训,文件管理与审核,产品认证管理","质量控制, 产品检验, 供应商管理, 制程监控, 安全管理, 质量体系, 质量检验, 质量监控","['quality control', 'product inspection', 'Supplier Management', 'process monitoring', 'safety management', 'Quality System', 'quality inspection', 'quality control']"
设计-游戏设计,"创意设计,角色构建,游戏机制,视觉表现,故事叙述,系统策划, 玩法设计, 功能优化, 交互设计, 跨部门沟通,游戏数值策划,数值模型搭建,SLG游戏设计,经济系统设计,商业化策略设计,游戏动作设计,3D动画制作,动作设计规范,动作捕捉数据处理,游戏动作优化,创意设计,用户体验,界面美学,交互流畅,游戏元素,游戏设计,特效制作,视觉艺术,交互体验,创意实现,游戏场景设计,3D模型制作,UE4引擎应用,场景氛围营造,美术资源管理","创意设计,角色构建,游戏机制,视觉表现,故事叙述,系统策划, 玩法设计,交互设计","['Creative Design', 'role construction', 'game mechanics', 'visual presentation', '
Current narration', 'systematic planning', 'game design', 'user experience design']"
设计-用户研究,"用户研究,设计思维,需求分析,用户调研,视觉设计","用户研究,设计思维,需求分析,用户调研,视觉设计","['user research', 'design thinking', 'requirements analysis', 'user research', 'visual design']"
设计-视觉/交互设计,"广告设计, 平面设计, CDR/PS软件操作, 创意设计, 营销宣传,3D建模,视觉审美,创意设计,团队合作,项目管理,室内设计,平面资料整合,施工图制作,客户沟通,软件操作,插画创作,视觉设计,交互体验,创意思维,艺术表现,游戏交互设计,用户体验优化,交互设计框架,流程设计,游戏产品交互,设计、交互设计、视觉风格设定、跨部门协调、用户反馈分析,视觉设计,平面设计,电商设计,品牌形象设计,创意策略,CAD设计/制图, 效果图表现, 图纸深化, 方案设计, 材料工艺对接,视觉传达,创意设计,版式布局,颜色运用,品牌形象,漫画创作,分镜设计,手绘技巧,上色工作,团队协作,视觉审美,图像编辑,创意设计,色彩感知,布局调整,设计,用户体验,网页布局,视觉元素,色彩搭配,动画设计,3D建模,渲染制作,特效合成,动画制作技能,设计,视觉效果,交互设计,创意能力,艺术审美,设计,视觉创意,包装结构,材料选择,品牌形象,游戏原画设计, 角色设计, 概念创作, 场景规划, 美术风格把握","创意设计, 视觉审美, 项目管理, 客户沟通, 交互体验, 视觉传达","['Creative Design', 'visual aesthetics', 'project management', 'customer communication', 'user experience', 'visual communication']"
设计-非视觉设计,"工业设计,产品建模,CAD软件运用,视觉传达,市场调研,设计创意,展览展示,3D建模与渲染,空间设计,多媒体设计,珠宝设计,手工技艺,产品开发,玉石雕刻,市场趋势分析,家具设计,创新思维,空间规划,材料理解,工艺知识,橱柜设计, 客户沟通, 定制方案, 测量尺寸, 设计软件,空间布局,创意设计,陈列美感,展示技术,视觉营销,家居设计,创意构思,空间规划,家具选型,审美能力","工业设计,产品建模,CAD软件运用,市场调研,设计创意,展览展示,3D建模与渲染,空间设计","['industrial design', 'product modeling', 'application of CAD software', 'market research', 'design creativity', 'exhibition display', '3D modeling and rendering', 'space design']"
设计-高端设计职位,"设计管理,视觉创意,电商设计,团队管理,高端设计,创意设计,项目管理,团队领导,品牌策略,市场洞察","设计管理,视觉创意,电商设计,团队管理,高端设计,创意设计,项目管理,品牌策略","['design management', 'visual creativity', 'e-commerce design', 'team management', 'high-end design', 'Creative Design', 'Project Management', 'brand strategy']"
运营-客服,"客户服务,电话沟通,问题解决,服务流程,效率优化,运营-客服-售前客服,客户接待与咨询,订单处理与跟踪,电商平台操作,客户关系维护,网络沟通,客户关系维护,售前售后支持,产品咨询解答,订单管理处理,客服管理,客户关系维护,服务流程优化,团队领导,业务处理,客户服务,问题解决,售后支持,沟通能力,流程管理,客服团队管理,业务流程优化,数据分析,客户体验提升,团队文化策略,客户服务,问题解决,呼叫中心操作,情绪管理,多任务处理,客服服务,电话沟通,会员运营,问题处理,顾客满意度","客户服务,电话沟通,问题解决,服务流程,电商平台操作,订单处理与跟踪,效率优化,团队领导","['customer service', 'communication_by_phone', 'breed improvement', 'service process', 'operation of e-commerce platforms', 'order processing and tracking', 'efficiency optimization', 'team leader']"
运营-编辑,"运营策划,文案撰写,新媒体运营,广告创意,内容编辑,内容策划,文字编辑,网站维护,SEO优化,版面设计","运营策划,文案撰写,新媒体运营,广告创意,内容编辑,内容策划,文字编辑,SEO优化","['operation planning', 'content creation', 'New Media Operations', 'advertising creativity', 'content editing', 'content planning', 'variety improvement', 'SEO Optimization']"
运营-运营,"运营专员,活动策划,数据分析,电商平台运营,客户服务,商家运营,数据分析,市场策略,用户体验,品牌管理,运营策划,活动执行,数据分析,用户互动,项目管理,运营管理,产品上架优化,市场分析,销售推广,客户服务,运营数据分析,策略制定与执行,跨部门协调,业务优化,数据支持决策,跨境电商,运营策略,市场分析,跨文化交流,电商平台管理,品类销售策略制定。,数据标注,AI训练,图像视频处理,数据质量控制,AI算法优化,运营管理,平台优化,市场分析,用户增长,电商经验,内容运营,文案撰写,社交媒体管理,内容营销,品牌推广,电商平台运营,产品上架管理,流量增长策略,销售数据分析,顾客服务经验,速卖通运营, 产品管理, 数据分析, 营销策略, 客户服务,运营分析,产品开发,市场调研,供应链管理,客户需求分析,电商平台运营,产品上架管理,销售策略优化,用户体验提升,市场分析能力,运营策略制定与执行, 直播内容策划, 互动聊天, 数据分析, 主播管理,社群活跃度。,运营管理,内容更新,SEO优化,推广策略,数据分析,内容审核, 客户服务, 数据录入, 团队管理, 风险控制,运营管理,车辆调度,客户服务,团队管理,事故处理,社群活跃度提升,用户增长策略,数据分析优化,社群运营维护,活动策划执行,游戏内容运营,用户增长策略,数据分析优化,跨部门协调,市场推广活动,新媒体运营,内容创作,短视频制作,平台运营管理,数据分析优化,电商运营,活动策划,产品推广,数据分析,团队协作,线下拓展,运营策略,市场调研,客户关系,区域管理,京东平台运营,电商运营策略,用户增长促进,运营数据分析,活动策划执行,社群管理,内容策划,客户服务,营销推广,粉丝互动,视频素材剪辑, 抖音平台运营, 新媒体推广, 内容策划, 品牌宣传,天猫运营, 营销推广, 数据分析, 销售目标, 客户关系管理,用户未提供具体的职位描述，因此无法直接从中提取关键特征关键词。但基于职位名称“运营-运营-产品运营”，可以推断该职位相关的特征关键词可能包括：产品推广, 市场分析, 用户增长, 数据监控, 运营策略。","产品推广, 市场分析, 用户增长, 数据监控, 运营策略","['product promotion', 'market analysis', 'user growth', 'data monitoring', 'operating strategy']"
运营-高端运营职位,"战略规划,团队管理,运营优化,业绩分析,领导力,外卖运营管理, 用户留存提升, 数据监控分析, 营销推广策略, 品牌宣传及活动执行","战略规划,团队管理,运营优化,业绩分析,领导力,外卖运营管理,用户留存提升,数据监控分析","['strategic planning', 'team management', 'operational optimization', 'performance analysis', 'leadership', 'takeout operation management', 'user retention enhancement', 'data monitoring and analysis']"
采购/贸易-进出口贸易,"进出口单证,贸易流程,文件审核,数据准确,客户沟通,供应链管理,报关流程,单证审核,关务法规,物流协调,贸易跟单,客户沟通,订单处理,产品跟进,报关资料管理","进出口单证,贸易流程,文件审核,数据准确,客户沟通,供应链管理,报关流程","['import and export documents', 'trade procedures', 'file review', 'accuracy', 'customer communication', 'Supply Chain Management', 'Current Customs Declaration Procedures']"
采购/贸易-采购,"采购策略,时尚趋势,供应商关系,产品采购,时尚行业,采购流程管理,供应商筛选与谈判,价格及合同谈判,库存管理,销售订单处理,供应链管理,质量评估,供应商审核,质量改善,过程质量控制,投标管理,采购协调,合同审查,市场调研,文件整理,商品管理,市场分析,采购策略,供应链优化,跨部门协作,供应链管理,采购策略制定,供应商开发与维护,跨部门协作,成本控制,采购流程优化,供应商管理,成本控制,合同谈判,采购策略制定,招标文件编制, 投标文件审核, 开评标组织, 合同谈判参与, 法规标准熟悉,采购流程优化,供应商管理,成本控制,物料采购,合同执行监督","时尚趋势, 供应商关系, 采购策略, 价格谈判, 库存管理, 投标管理, 供应链管理, 合同审查","['fashion trends', 'supplier relations', 'Procurement Strategy', 'price negotiation', 'inventory management', 'tender management', 'Supply Chain Management', 'contract review']"
金融-中后台,"风险控制,数据分析,策略优化,客户沟通,资信评估,催收管理,逾期账款处理,客户信用维护,电话催收技巧,贷后风险管理,金融产品设计,风险评估,市场分析,投资策略,客户关系管理,资产评估,资产管理,不良资产处置,尽职调查,评估报告编制,金融法规,风险控制,稽查审查,内控体系,合规审查","风险控制,数据分析,策略优化,客户沟通,资信评估,催收管理","['risk control', 'data analysis', 'strategy optimization', 'customer communication', 'credit evaluation', 'collection management']"
金融-保险,"理赔处理,风险评估,保险条款,客户服务,索赔审核","理赔处理,风险评估,保险条款,客户服务,索赔审核","['claims processing', 'risk assessment', 'insurance terms', 'customer service', 'claims audit']"
金融-投融资,"投资分析,市场研究,尽职调查,数据整理,客户关系管理,证券信息披露,投资者关系维护,资本运作,募资策略,合规信息管理,融资咨询, 贷款产品匹配, 客户关系管理, 融资策略制定, 资方资源管理,金融分析,行业研究,投资策略,市场分析,资产配置,投资分析,风险评估,资产配置,市场研究,业绩管理,投资决策,风险管理,资本运作,市场分析,领导团队","投资分析,市场研究,尽职调查,数据整理,客户关系管理,资本运作","['investment analysis', 'market research', 'due diligence', 'data organization', 'customer relationship management', 'capital operation']"
金融-证券/基金/期货,"量化研究,策略优化,数据分析,风险管理,模型开发,交易策略,市场分析,资金运作,风险控制,盈利目标,金融分析,市场研究,投资建议,报告编写,客户服务","量化研究,策略优化,数据分析,风险管理","['quantitative research', 'strategy optimization', 'data analysis', 'risk management']"
金融-银行,"客户服务,金融产品推广,业务协调,接待管理,风险控制,金融产品管理,信贷业务咨询,客户服务维护,贷款方案制定,风险理念宣导,客户服务, 业务办理, 风险管理, 客户咨询, 资料管理","客户服务,金融产品推广,业务协调,接待管理,风险控制,金融产品管理","['customer service', 'promotion of financial products', 'business coordination', 'front desk management', 'risk control', 'financial product management']"
销售-医疗销售,"口腔咨询,客户关系维护,治疗方案沟通,销售推广,顾客预约管理,销售策略,客户关系管理,医疗产品知识,市场拓展,售后服务,销售能力,医药知识,客户关系,市场开发,销售业绩,销售技巧,客户关系维护,产品推广,健康咨询服务,销售目标达成,销售技巧,医美产品知识,客户沟通,市场洞察,业绩达成","口腔咨询,销售推广,客户关系维护,医疗产品知识,销售策略,市场拓展,销售业绩,产品推广","['oral consultation', 'sales promotion', 'customer relationship maintenance', 'medical product knowledge', 'sales strategy', 'market expansion', 'sales performance', 'product promotion']"
销售-外贸销售,"销售能力,外贸知识,客户关系,谈判技巧,市场分析,外贸销售,客户维护,市场分析,团队管理,销售策略","销售能力,外贸知识,客户关系,谈判技巧,市场分析,外贸销售,客户维护,团队管理","['sales ability', 'Foreign Trade Knowledge', 'customer relationship', 'negotiation skills', 'market analysis', '外贸销售: Foreign Trade Sales', 'customer maintenance', 'team management']"
销售-广告/会展销售,"会展策划,客户沟通,销售策略,市场推广,活动执行,销售策略,客户关系管理,广告销售,新媒体平台推广,市场拓展,会议活动销售,客户邀约,产品介绍,成交能力,市场活动组织","会展策划,客户沟通,销售策略,市场推广,活动执行,客户关系管理,广告销售,新媒体平台推广","['event planning', 'customer communication', 'sales strategy', 'market promotion', 'event execution', 'customer relationship management', 'advertising sales', 'promotion on new media platforms']"
销售-房地产销售/招商,"招商管理,客户关系维护,市场调研,项目谈判,物业管理,房产销售,客户服务,房源匹配,交易促成,房产信息管理,房地产销售,客户沟通,市场分析,销售策略,置业咨询","招商管理,客户关系维护,市场调研,项目谈判,房产销售,房源匹配,客户沟通,销售策略","['recruitment and management', 'customer relationship maintenance', 'market research', 'negotiation of projects', 'property sales', 'house matching', 'customer communication', 'sales strategy']"
销售-服务业销售,"销售技巧,客户服务,旅游产品知识,市场推广,定制旅行方案,化妆品销售,顾客服务,店面管理,专业咨询,销售技巧,销售技巧,顾客服务,商品管理,销售目标达成,品牌导购,美容产品知识,客户服务技巧,销售业绩达成,产品推广方案,美容行业经验,客户关系,销售策略,服务业经验,会籍业务,业绩目标,销售技巧,顾客服务,珠宝知识,货品管理,营销推广","销售技巧,客户服务,旅游产品知识,市场推广,定制旅行方案,化妆品销售","['sales techniques', 'customer service', 'travel product knowledge', 'market promotion', 'travel itinerary planning', 'cosmetics sales']"
销售-汽车销售,"销售技巧,客户关系管理,市场分析,产品知识,销售策略,汽车销售,配件知识,客户沟通,销售策略,市场分析","销售技巧,客户关系管理,市场分析,产品知识,汽车销售,配件知识,客户沟通,销售策略","['sales techniques', 'customer relationship management', 'market analysis', 'product knowledge', 'sales of automobiles', 'accessory knowledge', 'customer communication', 'sales strategy']"
销售-课程销售,"留学咨询,课程销售,市场分析,客户服务,方案制定,招生咨询,课程销售,客户关系维护,电话邀约,教务管理,课程销售,客户服务,市场推广,招生管理,业务拓展","课程销售,市场分析,客户服务,方案制定,业务拓展","['course sales', 'market analysis', 'customer service', 'scheme formulation', 'business expansion']"
销售-金融销售,"销售策略,金融产品知识,客户关系管理,保险服务推广,业绩目标达成,金融产品知识,客户关系管理,销售策略制定,业绩目标达成,金融市场分析,销售,信用卡推广,客户管理,营销活动策划,团队建设,理财规划,客户关系维护,金融产品销售,投资咨询服务,资产配置方案","金融产品知识,销售策略,客户关系管理,业绩目标达成,保险服务推广,理财规划,团队建设,金融市场分析","['financial product knowledge', 'sales strategy', 'customer relationship management', 'achievement of performance targets', 'insurance service promotion', 'financial planning', 'team building', 'market analysis']"
销售-销售,"网络营销,在线销售,客户关系,电子商务平台,虚拟演示,电话销售,客户邀约,销售管理,金融贷款销售,客户关系维护,销售策略,客户关系管理,市场拓展,业务洽谈,销售业绩达成,销售技巧,客户服务,市场开发,产品销售,交易谈判,渠道开发,销售策略,业绩目标,客户管理,产品推广,机电设备销售, 项目销售管理, 大客户维护, 市场推广活动, 新产品推广,销售技巧,客户关系管理,市场推广,产品销售策略,大客户管理,大客户维护,销售策略,业绩目标,关系建立,市场分析","网络营销,在线销售,客户关系,电子商务平台,电话销售,销售管理,销售技巧,产品销售","['Online Marketing', 'online sales', 'customer relationship', 'e-commerce platform', 'telemarketing', 'sales management', 'sales techniques', 'product sales']"
销售-销售管理,"战略规划,销售目标,团队领导,业绩评估,业务拓展,城市管理,销售策略,客户关系,市场开拓,金融服务,团队管理,销售业绩提升,客户关系维护,团队招募与培训,市场开拓与客户服务,销售管理,区域拓展,团队领导,客户关系,营销策略,销售策略,团队管理,市场开发,客户关系维护,销售策略,团队管理,业绩目标,客户关系,产品知识","战略规划,销售目标,团队领导,业绩评估,业务拓展,销售策略,客户关系,团队管理","['strategic planning', 'sales targets', 'team leader', 'performance evaluation', 'business expansion', 'sales strategy', 'customer relations', 'team management']"
销售-销售行政/商务,"销售运营,客户关系管理,市场推广,业务拓展,销售策略分析,销售策略,团队管理,商务谈判,市场分析,业绩目标,销售,客户管理,商务谈判,市场拓展,线上合作,销售技能,客户关系维护,续约率管理,需求分析,产品培训,销售助理,客户关系管理,销售数据统计,合同审批,订单处理,销售策略,客户关系,商务谈判,销售计划,市场分析","销售运营,客户关系管理,市场推广,业务拓展,销售策略,团队管理,商务谈判","['sales operations', 'customer relationship management', 'market promotion', 'business expansion', 'sales strategy', 'team management', 'business negotiation']"
高级管理-高级管理职位,"董事会秘书,文秘工作,高级管理,公关接待,战略规划
,管理能力,战略规划,团队领导,业务拓展,分支运营,运营管理,团队领导,销售策略,客户关系,管理培训,高级管理,团队建设,业务拓展,项目管理,公司战略规划,决策制定,战略规划,团队领导,业务协调,执行监督,日常事务管理,战略规划,团队协调,高级行政协助,商务谈判,高级管理,战略规划,团队建设,运营管理,绩效考核,决策制定,团队领导,战略规划,业务扩张,创投对接","董事会秘书,战略规划,高级管理,管理能力,团队领导,业务拓展,公关接待,管理培训","['corporate secretary', 'strategic planning', '高级管理 → Senior Management', 'management ability', 'team leader', 'business expansion', 'public relations reception', 'management training']"
